PGA(g),B(m),DF(m),Y(kN/m3),Beban(kN),SF
0.1,1.7,1.5,21,100,2.69
0.5,2.7,0.5,19,150,2.05
0.0,1.7,1.0,19,100,2.61
0.5,2.7,1.0,21,50,3.09
0.0,1.9,1.5,19,50,4.05
1.0,1.4,1.0,17,200,1.25
0.5,2.7,1.5,19,50,3.3
0.1,1.2,0.5,17,100,1.42
0.0,2.8,1.5,21,50,4.72
1.0,2.8,1.5,19,100,2.63
0.0,0.9,0.5,21,50,2.59
0.5,1.2,1.0,17,100,1.87
0.5,3.0,1.0,19,200,2.19
1.0,1.7,1.0,21,200,1.45
0.5,1.2,1.0,19,150,1.51
1.0,1.9,0.5,21,100,1.51
0.1,1.5,0.5,19,100,1.54
1.0,1.2,0.5,19,200,1.14
0.0,1.1,0.5,17,200,1.36
0.0,1.4,0.5,21,200,1.68
0.0,1.9,0.5,21,100,1.94
0.0,3.0,0.5,19,150,2.62
0.1,2.9,2.0,21,50,4.59
0.5,1.3,1.0,19,50,3.17
1.0,2.1,1.0,17,150,1.58
1.0,1.1,1.0,19,100,1.9
0.5,1.2,1.0,19,50,3.17
0.1,2.1,0.5,17,50,2.85
0.0,1.2,1.0,17,100,2.34
0.1,2.5,1.0,21,100,2.6
0.1,3.0,0.5,17,50,3.46
0.5,2.7,2.5,19,50,4.48
0.5,2.9,1.5,21,200,2.21
1.0,0.8,0.5,21,100,1.19
0.0,2.0,2.0,19,150,2.5
1.0,1.2,1.0,19,200,1.26
1.0,3.0,1.5,19,150,2.24
0.5,1.8,0.5,19,200,1.47
0.0,2.4,0.5,17,200,1.96
0.0,1.5,0.5,21,150,1.79
1.0,2.7,2.5,17,100,2.78
1.0,2.3,2.0,19,200,1.68
0.0,2.0,1.5,19,200,1.92
0.1,2.5,0.5,17,200,1.92
0.5,1.5,0.5,17,200,1.36
0.1,2.3,1.0,17,50,3.53
0.0,1.0,0.5,19,150,1.53
0.5,2.4,2.0,19,200,1.94
1.0,2.6,0.5,19,150,1.65
0.5,2.5,2.0,17,150,2.06
0.0,2.3,0.5,17,200,1.92
0.0,2.3,2.0,19,50,4.81
0.5,2.5,2.5,19,150,2.75
0.1,1.3,1.0,19,50,3.55
1.0,2.3,0.5,17,200,1.33
0.5,1.3,0.5,21,100,1.42
0.5,1.8,1.0,21,150,1.78
1.0,2.1,1.5,21,50,2.07
0.0,1.7,1.5,17,150,1.93
1.0,2.0,1.0,19,200,1.53
0.5,3.0,2.0,21,150,2.71
1.0,1.9,0.5,21,50,1.58
0.5,2.3,0.5,21,50,2.39
0.5,3.0,2.0,17,100,3.14
0.0,2.0,1.0,19,200,2.07
0.1,2.2,2.0,21,200,2.2
0.1,1.8,0.5,19,50,2.79
0.0,2.4,1.5,17,200,2.18
0.1,2.6,0.5,17,100,2.05
0.0,1.1,1.0,19,150,1.74
0.0,1.2,0.5,17,50,2.7
1.0,2.4,0.5,21,50,1.61
1.0,2.3,1.5,17,50,1.76
0.1,1.1,1.0,21,200,1.43
0.5,1.3,0.5,17,200,1.3
0.5,2.1,1.0,17,50,2.49
1.0,2.1,1.0,17,100,1.88
0.5,2.3,1.5,19,100,2.77
0.5,1.6,1.0,19,50,3.23
1.0,2.5,0.5,21,150,1.62
0.5,1.6,1.0,21,100,2.24
0.0,2.7,2.0,21,100,4.1
1.0,1.5,1.5,19,200,1.37
0.1,2.4,2.0,17,50,4.11
0.5,2.8,2.0,17,100,2.95
0.1,2.2,1.5,19,50,3.91
1.0,1.9,1.5,21,150,1.69
0.0,2.1,0.5,17,100,2.01
0.0,2.7,1.0,17,50,4.12
0.1,0.7,0.5,17,100,1.25
0.5,1.4,0.5,21,100,1.47
0.1,2.2,0.5,19,100,1.89
0.1,0.6,0.5,19,100,1.33
0.0,3.0,0.5,17,50,3.71
0.5,1.8,1.5,17,200,1.62
1.0,2.5,2.5,21,100,2.99
0.0,2.3,1.0,21,50,4.08
0.5,1.0,0.5,19,100,1.31
0.0,2.9,1.5,21,100,3.54
0.5,1.3,1.0,21,50,2.34
1.0,2.5,1.0,19,200,1.69
0.5,2.5,2.0,21,200,2.15
0.1,2.9,2.5,17,200,2.45
0.1,2.0,1.5,21,50,3.49
1.0,0.6,0.5,19,150,1.18
0.5,2.9,1.0,19,50,3.66
1.0,3.0,1.5,17,100,2.52
0.5,2.5,1.5,17,100,2.6
0.0,2.4,2.0,17,50,4.68
0.5,2.1,0.5,19,150,1.81
0.5,2.1,2.0,19,100,2.96
1.0,1.9,1.5,21,100,2.06
0.1,1.5,1.0,17,200,1.42
0.5,2.5,0.5,19,100,1.94
0.0,1.5,1.0,17,50,3.45
0.5,2.0,2.0,19,150,2.03
0.5,2.4,1.0,21,150,2.12
0.5,2.6,1.0,21,150,2.21
0.5,2.5,1.0,17,150,1.88
0.0,1.8,1.5,19,200,1.83
0.5,2.5,1.0,19,150,2.11
0.0,1.5,0.5,19,200,1.7
1.0,1.6,1.0,21,50,1.43
0.0,2.8,0.5,19,50,3.68
0.1,2.6,1.5,21,100,3.05
0.1,2.9,2.0,21,100,3.81
0.0,2.2,1.0,21,50,3.98
0.5,2.8,2.0,21,50,3.9
1.0,2.5,1.0,17,50,1.56
0.0,3.0,2.5,21,150,3.81
1.0,2.8,0.5,17,200,1.5
0.5,2.0,1.0,21,200,1.78
0.5,1.1,0.5,19,50,2.29
0.5,1.9,0.5,19,200,1.5
0.0,2.4,1.5,17,50,4.13
0.1,2.2,1.5,19,100,2.9
0.5,2.5,2.0,17,50,3.33
0.5,2.2,2.0,21,200,1.96
0.1,2.2,1.5,19,150,2.32
1.0,2.6,2.0,17,50,2.45
0.1,2.5,1.5,21,200,2.21
0.0,2.1,0.5,19,200,1.93
0.5,1.8,1.0,17,50,2.4
0.1,2.0,0.5,17,100,1.8
0.1,2.1,0.5,21,50,2.84
0.5,2.4,0.5,19,150,1.92
0.0,1.6,1.5,19,150,2.25
0.0,2.1,0.5,17,150,2.02
0.0,1.5,1.5,21,200,1.82
0.0,2.7,0.5,19,100,2.47
0.0,2.4,1.0,21,50,4.11
0.5,2.7,2.5,21,100,3.7
0.1,2.4,0.5,21,200,1.89
0.1,2.0,1.0,19,150,1.98
0.5,3.0,0.5,17,50,2.44
0.0,1.7,0.5,19,200,1.79
0.1,2.1,2.0,17,100,2.87
0.5,1.6,1.5,17,200,1.51
0.0,1.6,1.5,17,200,1.64
0.5,1.5,1.0,17,150,1.68
0.5,1.8,1.5,19,200,1.67
0.1,2.0,1.5,19,100,2.83
1.0,1.3,1.0,17,50,1.33
0.1,2.6,1.5,19,150,2.5
0.1,0.9,0.5,19,50,2.48
0.0,2.2,0.5,17,150,2.08
0.1,2.2,0.5,17,100,1.89
1.0,2.9,0.5,21,200,1.68
0.5,2.6,1.0,17,200,1.89
0.0,1.1,1.0,21,200,1.56
0.5,1.8,1.0,19,50,3.32
1.0,2.5,0.5,17,100,1.62
0.1,1.8,1.0,19,200,1.75
0.0,1.8,1.5,19,50,3.91
1.0,1.4,0.5,17,150,1.33
1.0,3.0,2.0,17,150,2.12
0.0,2.0,1.5,21,200,2.18
0.0,1.4,0.5,21,100,1.73
0.0,2.2,1.0,19,200,2.22
0.5,0.8,0.5,19,100,1.28
0.1,0.8,0.5,17,150,1.27
0.5,2.5,2.0,19,150,2.29
0.1,2.2,2.0,19,50,4.01
0.1,2.8,2.5,17,100,3.45
0.1,2.8,1.5,21,150,2.64
0.5,1.7,1.0,19,50,3.26
0.0,2.9,1.5,17,100,3.41
1.0,3.0,0.5,19,50,1.65
0.1,2.6,1.5,19,50,4.3
0.0,1.6,0.5,19,150,1.82
0.0,3.0,0.5,21,50,3.98
0.5,2.6,0.5,17,200,1.64
0.1,2.5,2.5,17,50,4.29
0.0,2.2,1.0,17,150,2.27
0.5,2.1,0.5,21,150,1.81
0.0,1.9,0.5,21,50,2.95
0.0,2.8,2.0,19,100,3.93
0.5,1.3,1.0,19,150,1.54
1.0,2.3,1.0,19,50,1.64
0.0,2.3,1.0,21,100,2.77
0.5,2.7,0.5,17,150,1.95
0.1,2.5,1.5,19,200,2.05
0.5,1.8,1.0,21,200,1.71
0.0,2.6,2.0,17,50,4.77
0.1,1.5,0.5,21,150,1.76
1.0,2.2,0.5,19,150,1.54
0.5,3.0,1.5,19,200,2.2
0.0,1.9,1.0,17,150,2.21
0.0,2.0,1.5,19,150,2.54
1.0,2.7,0.5,21,200,1.59
0.0,2.5,2.5,21,150,3.45
0.5,2.6,0.5,19,100,1.97
0.5,0.9,0.5,19,50,2.21
0.1,2.7,2.0,17,100,3.18
1.0,1.8,1.0,17,200,1.39
1.0,1.1,1.0,19,50,1.3
0.0,2.4,2.0,17,150,2.44
0.0,1.7,0.5,21,150,1.9
0.0,2.4,1.0,21,150,2.62
0.0,2.6,2.5,19,150,3.43
0.0,2.6,0.5,19,200,2.31
1.0,1.4,0.5,17,50,1.48
0.5,2.6,1.5,21,50,3.4
0.1,3.0,1.0,17,50,3.74
0.1,1.4,1.0,17,50,3.18
1.0,2.4,1.0,19,100,2.25
0.5,2.0,1.0,21,100,2.33
0.0,1.5,1.5,21,150,2.26
0.0,3.0,0.5,21,200,2.51
0.0,2.8,2.0,19,200,2.51
0.1,0.7,0.5,21,200,1.21
0.1,2.7,1.0,17,50,3.62
0.5,2.9,2.0,21,50,3.93
0.0,0.7,0.5,17,150,1.39
0.5,2.2,0.5,17,50,2.35
0.0,2.7,1.5,17,150,2.55
1.0,2.2,1.0,21,50,1.61
1.0,1.7,0.5,19,200,1.28
0.5,2.4,0.5,21,50,2.4
1.0,2.2,1.0,21,200,1.6
0.1,1.9,1.0,17,200,1.59
0.0,2.9,1.0,21,200,2.57
1.0,2.1,1.5,17,200,1.53
0.0,2.4,2.0,19,150,2.76
1.0,2.8,2.0,19,200,1.82
0.1,1.8,1.0,17,100,2.29
1.0,2.6,1.0,17,200,1.6
0.1,1.9,1.5,21,200,1.89
0.0,1.3,0.5,19,200,1.64
0.5,2.2,0.5,17,200,1.55
1.0,1.7,0.5,19,100,1.43
1.0,2.3,0.5,19,150,1.57
0.5,0.9,0.5,17,50,2.28
0.5,0.6,0.5,19,200,1.14
0.5,2.0,2.0,17,50,3.1
0.1,2.7,0.5,21,200,2.01
0.0,1.9,1.5,19,200,1.88
0.5,2.9,0.5,17,150,2.06
1.0,2.7,2.5,19,200,2.24
0.1,3.0,1.5,21,200,2.45
1.0,2.9,1.5,19,100,2.66
0.0,2.7,0.5,21,100,2.48
0.0,2.8,2.5,19,200,2.87
0.5,1.3,1.0,17,200,1.29
0.5,3.0,1.0,19,150,2.36
1.0,2.3,1.0,21,100,2.17
0.1,1.8,0.5,19,100,1.73
0.0,1.6,1.5,17,50,3.6
0.5,2.6,2.5,17,150,2.34
0.0,2.5,1.0,21,200,2.43
1.0,2.5,0.5,21,100,1.64
0.0,2.0,1.0,21,100,2.65
1.0,1.8,1.5,17,100,1.93
0.5,1.4,1.0,19,50,3.21
0.1,2.6,0.5,21,50,3.32
0.5,2.6,0.5,19,200,1.67
0.5,2.0,1.5,17,50,2.63
0.1,2.9,1.5,19,100,3.22
1.0,3.0,2.5,19,200,2.35
1.0,2.2,0.5,21,50,1.61
0.5,2.5,1.5,21,100,2.79
0.5,2.2,0.5,19,100,1.83
1.0,2.7,2.5,17,200,1.98
0.1,2.2,2.0,17,150,2.14
1.0,1.6,0.5,21,100,1.41
1.0,2.9,1.0,17,200,1.67
1.0,2.1,0.5,21,50,1.59
0.1,2.2,1.0,21,150,2.32
0.5,2.9,1.5,19,100,3.04
1.0,2.8,2.0,21,150,2.29
1.0,2.6,1.0,21,200,1.74
0.5,3.0,1.5,19,100,3.12
1.0,2.5,1.0,21,200,1.7
1.0,1.1,0.5,17,100,1.24
1.0,2.2,1.5,19,50,2.038
1.0,1.5,1.5,17,100,1.79
0.1,2.9,2.0,19,100,3.74
1.0,2.1,1.0,21,150,1.71
0.1,2.5,2.0,17,150,2.28
1.0,2.2,1.5,17,100,2.09
0.5,3.0,1.5,21,200,2.26
1.0,1.1,1.0,17,100,1.5
0.0,2.4,2.0,21,150,2.84
0.0,3.0,1.0,21,200,2.63
0.1,2.1,1.0,17,50,3.48
1.0,2.8,0.5,17,50,1.49
0.1,1.8,1.0,17,200,1.52
0.1,1.1,0.5,21,200,1.35
0.0,1.8,1.5,17,150,1.99
0.1,1.6,1.0,19,200,1.69
0.0,2.7,1.5,17,50,4.48
1.0,2.5,1.0,19,100,2.27
0.5,2.0,1.0,17,50,2.42
1.0,2.8,1.5,21,150,1.98
0.1,2.2,2.0,17,100,2.92
0.0,2.9,1.0,21,100,3.17
0.5,2.8,2.0,17,50,3.47
0.1,2.8,1.5,19,50,4.24
0.1,2.2,1.0,17,100,2.39
0.1,2.5,2.0,17,100,3.06
0.5,1.9,1.5,19,200,1.7
1.0,2.7,1.0,17,150,1.76
0.5,1.5,0.5,17,150,1.49
0.0,2.7,0.5,19,200,2.35
0.1,2.7,2.0,19,150,2.76
0.1,2.3,2.0,17,100,2.96
0.0,2.8,1.5,21,200,2.63
0.1,2.4,1.0,17,100,2.43
0.0,1.1,1.0,17,150,1.91
0.5,1.8,0.5,21,200,1.47
0.5,2.6,1.5,17,200,1.92
0.5,1.8,0.5,21,50,2.34
0.5,2.8,0.5,21,100,2.12
0.5,2.9,2.5,17,200,2.32
0.5,1.6,0.5,17,100,1.56
0.0,2.3,2.0,17,150,2.39
0.1,1.5,1.5,19,150,1.96
0.0,2.3,1.5,19,150,2.7
0.1,2.1,1.0,21,100,2.46
0.5,1.7,1.0,21,100,2.26
0.0,2.5,1.5,21,50,4.6
0.1,2.9,1.5,19,150,2.63
1.0,2.6,2.0,19,200,1.8
1.0,2.4,1.0,19,200,1.65
0.5,2.4,2.0,19,50,3.62
0.1,2.8,2.5,17,50,5.13
0.0,1.6,1.5,17,150,1.89
0.1,1.6,0.5,21,100,1.68
0.0,1.0,0.5,19,200,1.47
0.0,3.0,2.0,17,200,2.47
0.0,2.5,1.0,19,200,2.34
0.0,3.0,2.0,17,150,2.73
0.1,2.7,1.0,17,150,2.1
0.5,1.7,0.5,21,200,1.45
1.0,2.5,1.5,17,150,1.79
0.5,2.3,1.0,19,150,1.99
0.0,1.5,1.0,17,100,2.44
1.0,1.6,1.5,19,200,1.4
0.1,1.7,1.5,17,100,2.43
0.5,2.8,2.5,21,50,4.63
0.1,1.0,1.0,21,200,1.37
0.1,2.0,1.5,21,100,2.76
0.1,2.9,1.5,17,200,2.14
0.0,2.9,2.0,19,100,4.04
0.5,2.6,1.0,19,50,3.57
0.1,1.5,0.5,19,150,1.61
0.5,3.0,0.5,17,200,1.72
0.1,1.0,1.0,17,150,1.62
0.5,1.6,0.5,21,100,1.56
0.0,2.5,1.0,19,50,4.271
0.0,2.3,1.5,17,100,2.89
0.1,1.9,0.5,17,150,1.71
0.5,1.7,1.5,19,100,2.59
0.1,1.8,0.5,17,100,1.73
1.0,2.5,2.0,17,200,1.64
0.0,2.7,0.5,17,50,3.48
0.1,2.7,0.5,21,100,2.28
0.1,1.8,1.0,19,150,1.79
0.1,2.4,0.5,19,200,1.88
0.0,2.3,1.5,21,50,4.46
0.0,2.5,0.5,19,100,2.38
1.0,1.7,0.5,17,100,1.43
0.0,2.8,1.5,19,100,3.42
0.1,1.1,1.0,17,100,2.09
0.0,1.2,0.5,17,100,1.51
0.0,2.6,1.0,17,200,2.24
0.1,1.2,1.0,17,200,1.27
1.0,2.8,2.5,19,50,3.42
0.5,2.2,1.5,21,200,1.87
1.0,2.7,1.0,21,100,2.24
0.5,2.4,1.5,17,200,1.85
0.0,2.7,1.5,21,150,2.92
0.0,2.1,1.5,19,150,2.6
1.0,0.8,0.5,17,200,1.08
0.1,2.7,1.5,21,50,4.19
0.1,1.9,0.5,21,100,1.79
1.0,2.2,1.0,17,100,1.92
1.0,1.3,0.5,17,150,1.3
0.5,2.2,1.5,21,100,2.69
1.0,2.8,0.5,19,100,1.69
1.0,2.4,0.5,21,200,1.5
0.5,1.7,1.0,21,150,1.73
1.0,2.3,1.5,21,200,1.63
0.5,2.9,1.5,21,150,2.38
1.0,2.6,2.0,21,150,2.18
1.0,2.7,1.5,19,50,2.275
0.0,3.0,1.5,21,200,2.72
1.0,1.5,0.5,21,150,1.36
0.1,2.9,1.5,21,100,3.24
0.5,2.8,1.0,17,150,1.98
1.0,1.4,1.0,21,100,1.95
0.0,1.2,0.5,21,200,1.58
0.5,1.3,0.5,21,150,1.49
0.0,2.9,1.0,21,50,4.58
0.0,1.8,0.5,19,100,1.89
0.0,2.6,2.0,21,100,4.0
0.5,2.4,0.5,17,150,1.88
1.0,2.3,1.0,19,200,1.61
1.0,1.0,1.0,21,100,1.75
1.0,2.3,2.0,17,50,2.24
0.5,2.0,1.0,17,200,1.68
1.0,2.9,1.5,19,200,1.78
0.0,1.6,1.0,17,200,1.58
0.1,1.5,1.5,21,50,3.24
0.0,2.5,1.0,19,150,2.61
0.0,2.6,1.0,19,150,2.71
0.1,2.7,2.0,21,200,2.39
0.0,1.4,1.0,19,50,3.725
0.5,2.9,1.5,19,200,2.16
1.0,3.0,2.0,19,50,3.15
1.0,1.0,1.0,17,100,1.49
0.1,2.4,2.0,19,100,3.54
0.0,1.6,0.5,21,50,2.73
0.5,2.7,1.5,17,100,2.72
1.0,1.0,1.0,19,100,1.83
1.0,1.7,1.0,21,50,1.48
0.5,2.4,1.5,21,150,2.17
0.1,2.4,1.0,21,150,2.46
0.1,1.7,1.5,19,200,1.64
0.5,2.4,1.0,19,150,2.08
0.0,1.3,0.5,17,150,1.59
1.0,2.3,1.0,21,50,1.64
0.1,0.7,0.5,17,50,2.37
0.0,2.2,2.0,21,200,2.47
0.0,3.0,1.5,19,100,3.53
0.1,1.6,1.5,21,150,2.06
0.0,1.3,0.5,19,50,2.78
0.5,1.7,1.5,21,150,1.87
0.5,1.2,0.5,17,200,1.29
0.0,1.5,1.5,19,50,3.79
1.0,3.0,0.5,21,200,1.7
1.0,2.3,0.5,17,50,1.49
0.5,2.2,0.5,17,150,1.81
0.1,0.7,0.5,21,50,2.36
0.0,2.0,1.5,21,100,2.93
0.5,2.1,1.0,19,150,1.87
1.0,2.6,2.5,19,150,2.61
1.0,2.5,2.5,17,100,2.48
0.0,2.3,0.5,19,150,2.31
0.1,2.2,1.0,19,100,2.53
0.0,1.9,1.0,19,100,2.68
0.0,2.9,1.0,19,50,4.596
1.0,2.9,2.5,19,150,2.63
0.0,2.0,1.0,17,200,1.82
0.5,2.4,1.5,19,200,1.89
1.0,1.7,1.5,19,150,1.74
1.0,2.0,0.5,21,150,1.51
0.0,1.2,0.5,19,100,1.63
1.0,3.0,0.5,17,50,1.49
0.1,2.6,1.0,17,200,1.92
1.0,2.0,1.5,19,100,2.3
0.0,2.8,1.0,21,150,2.88
0.5,2.8,1.5,21,150,2.32
1.0,2.4,2.0,17,100,2.48
1.0,1.9,1.5,17,100,1.99
0.1,2.1,2.0,19,100,3.23
0.1,2.6,1.0,21,200,2.19
0.5,1.7,0.5,17,200,1.43
1.0,2.6,0.5,21,200,1.55
0.5,2.2,0.5,21,200,1.59
0.0,2.3,1.5,21,150,2.72
1.0,2.5,2.5,21,50,3.13
0.0,2.9,2.5,17,50,5.83
0.0,2.1,2.0,21,200,2.43
0.0,2.3,1.0,17,150,2.28
0.1,2.2,1.5,21,200,2.06
0.1,1.8,1.5,19,150,2.09
0.0,0.6,0.5,21,150,1.46
0.5,2.6,1.5,19,150,2.21
1.0,0.6,0.5,17,50,1.47
0.1,2.9,1.0,21,100,2.81
0.0,2.8,2.0,17,150,2.65
0.1,3.0,2.0,21,150,2.96
1.0,1.9,1.0,19,50,1.53
0.5,3.0,2.0,21,50,4.05
0.5,0.7,0.5,21,200,1.16
0.5,2.5,2.5,21,150,2.82
0.1,2.7,2.5,19,50,5.67
0.5,1.6,1.5,19,200,1.56
0.5,1.8,0.5,19,100,1.69
1.0,2.2,2.0,21,100,2.58
0.1,2.8,0.5,17,150,2.12
1.0,2.4,1.5,19,150,1.93
0.0,1.5,1.0,17,150,2.08
0.0,2.9,0.5,17,100,2.59
0.5,2.4,1.0,21,200,1.93
1.0,2.8,0.5,21,150,1.78
1.0,1.8,0.5,19,200,1.29
0.1,2.8,0.5,21,100,2.3
0.1,2.9,2.0,19,150,2.87
0.5,1.3,1.0,21,100,2.02
0.1,2.3,2.0,19,150,2.54
0.1,3.0,1.0,19,100,3.03
1.0,1.5,1.5,17,50,1.44
0.5,2.7,2.0,19,50,3.81
1.0,2.5,2.5,19,150,2.52
0.1,2.5,1.5,21,50,4.08
0.5,0.6,0.5,19,100,1.19
0.5,0.9,0.5,17,100,1.32
1.0,2.1,2.0,21,150,1.92
1.0,2.2,2.0,17,200,1.5
1.0,2.7,2.0,17,200,1.7
1.0,1.0,1.0,19,50,1.3
0.1,1.8,1.0,17,50,3.32
0.0,2.1,2.0,19,100,3.43
0.5,2.0,0.5,17,100,1.73
0.1,1.0,0.5,21,150,1.54
1.0,2.5,1.0,17,150,1.68
0.5,2.6,2.0,17,100,2.87
0.1,2.0,1.0,17,200,1.68
0.5,2.2,0.5,21,50,2.38
1.0,3.0,2.5,17,100,2.87
0.0,2.0,1.5,17,150,2.03
0.1,2.7,2.5,17,50,4.73
1.0,1.9,1.0,21,150,1.67
0.0,2.5,0.5,21,200,2.25
0.1,1.8,0.5,19,200,1.68
1.0,2.8,2.0,17,100,2.59
0.0,2.6,0.5,21,100,2.42
1.0,1.6,0.5,19,150,1.39
1.0,1.4,0.5,17,100,1.33
0.5,0.9,0.5,21,50,2.21
0.1,1.1,0.5,17,200,1.32
0.0,1.3,1.0,19,150,1.8
0.0,2.1,1.0,19,200,2.15
0.5,1.8,0.5,17,150,1.65
0.1,2.6,0.5,17,50,3.22
1.0,2.6,1.5,17,150,1.81
1.0,2.1,0.5,19,150,1.52
0.0,2.2,1.0,19,150,2.35
0.1,2.3,0.5,19,100,1.96
0.0,1.5,1.5,21,100,2.79
0.5,2.1,1.5,19,200,1.79
0.5,2.9,2.5,21,50,4.73
0.0,2.6,0.5,19,100,2.43
0.0,2.7,1.0,17,100,2.94
0.1,2.6,2.5,21,200,2.79
0.1,1.6,1.5,21,100,2.63
0.1,2.4,1.5,21,50,3.9
0.0,2.4,0.5,21,150,2.4
0.0,2.5,0.5,17,100,2.39
1.0,1.8,0.5,19,150,1.47
0.1,0.8,0.5,19,50,2.44
1.0,2.9,0.5,21,50,1.66
1.0,2.8,2.5,19,200,2.29
1.0,2.8,2.0,19,100,2.91
0.1,2.0,2.0,17,100,2.83
1.0,1.7,0.5,21,50,1.58
0.5,2.7,0.5,21,200,1.79
1.0,1.0,1.0,17,150,1.44
0.1,1.8,0.5,21,50,2.72
0.1,0.9,0.5,19,150,1.35
1.0,2.6,1.5,17,200,1.62
1.0,2.8,2.5,17,50,3.38
0.1,2.7,0.5,17,50,3.28
0.0,2.4,1.5,19,100,3.19
1.0,2.2,2.0,21,50,2.57
1.0,1.6,0.5,19,100,1.4
0.5,2.5,2.5,21,100,3.65
0.0,2.9,1.5,19,50,4.76
1.0,2.4,1.5,21,50,2.21
0.1,2.4,1.5,21,100,2.91
0.5,1.0,1.0,19,100,2.15
0.1,1.8,1.5,17,50,3.49
1.0,2.6,2.5,19,50,3.17
1.0,2.6,2.0,21,200,1.84
0.0,2.7,0.5,21,50,3.8
0.1,2.1,1.0,19,200,1.87
0.1,0.6,0.5,21,50,2.31
1.0,1.9,1.0,19,200,1.5
0.1,1.3,1.0,21,200,1.53
0.5,3.0,2.0,21,200,2.42
1.0,2.5,1.0,17,100,2.04
1.0,1.4,1.0,17,50,1.37
0.5,2.1,1.0,17,150,1.8
0.0,2.9,1.0,21,150,2.95
0.0,3.0,1.5,19,150,2.97
0.0,1.6,0.5,17,100,1.78
1.0,1.3,0.5,17,200,1.13
0.1,2.4,0.5,19,150,1.95
0.1,2.7,2.5,17,150,2.6
0.1,3.0,1.5,17,100,3.09
0.5,1.2,0.5,21,50,2.31
0.1,2.5,0.5,21,50,3.21
0.5,3.0,0.5,17,100,2.11
0.1,0.6,0.5,21,100,1.34
1.0,3.0,1.5,17,150,1.93
0.1,1.6,1.0,21,50,3.32
0.1,1.3,0.5,17,100,1.47
0.5,2.6,2.5,21,100,3.68
0.1,1.0,1.0,19,200,1.34
0.0,2.3,0.5,21,200,2.14
0.5,2.2,2.0,17,200,1.79
0.0,2.8,2.5,17,150,2.91
1.0,2.3,0.5,21,200,1.48
0.5,1.9,0.5,19,150,1.73
0.1,1.8,0.5,17,150,1.68
0.5,2.1,0.5,19,200,1.54
0.5,2.2,1.5,21,50,3.19
0.0,0.8,0.5,17,150,1.42
1.0,2.3,1.5,19,100,2.46
0.5,1.6,0.5,17,200,1.39
0.0,1.7,0.5,17,200,1.67
1.0,1.8,1.0,21,200,1.48
1.0,1.8,1.0,21,150,1.64
1.0,3.0,1.0,19,100,2.43
0.0,1.8,1.5,21,200,2.03
0.1,2.9,0.5,21,200,2.11
0.1,2.0,0.5,21,50,2.79
0.1,2.6,2.0,21,200,2.37
0.5,2.9,1.0,21,150,2.38
1.0,2.1,2.0,19,150,1.91
1.0,2.2,2.0,21,200,1.7
0.5,2.5,0.5,19,200,1.64
0.1,1.8,1.5,17,100,2.47
1.0,2.3,0.5,17,150,1.57
0.1,2.9,0.5,21,150,2.48
0.1,2.9,1.5,17,150,2.31
0.0,1.7,1.0,19,200,1.86
0.0,2.1,1.0,21,50,3.94
0.0,2.5,1.0,17,50,4.05
0.1,2.5,1.5,19,150,2.46
0.5,2.0,1.5,19,50,2.95
0.1,2.1,1.5,21,50,3.66
0.1,1.2,1.0,21,150,1.53
0.0,0.8,0.5,17,200,1.28
0.1,0.9,0.5,17,150,1.29
0.1,2.7,1.5,19,50,4.23
0.1,2.7,1.0,19,150,2.49
0.5,1.7,1.0,17,150,1.71
0.1,0.7,0.5,19,150,1.3
0.0,2.6,0.5,17,200,2.08
0.1,1.1,1.0,19,150,1.57
1.0,3.0,2.5,17,200,2.18
1.0,1.3,0.5,21,200,1.2
0.0,1.8,1.0,21,150,2.13
1.0,2.5,2.0,17,50,2.32
0.1,1.7,0.5,19,200,1.66
1.0,0.9,0.5,17,50,1.47
1.0,1.0,0.5,21,100,1.22
0.0,2.5,0.5,19,50,3.43
0.1,3.0,1.0,21,100,2.84
0.0,1.2,1.0,21,100,2.33
0.1,2.1,2.0,21,100,3.25
0.0,0.5,0.5,19,150,1.42
1.0,2.9,2.5,19,100,3.33
0.5,1.5,1.5,17,150,1.56
1.0,1.8,0.5,17,150,1.47
0.0,2.0,2.0,21,100,3.4
1.0,1.3,0.5,19,100,1.3
0.5,2.9,2.5,21,200,2.78
0.5,3.0,0.5,19,200,1.84
1.0,1.8,1.0,17,150,1.54
0.5,2.6,1.5,17,50,2.94
0.5,0.6,0.5,21,50,2.13
0.1,1.5,1.0,21,200,1.64
0.1,1.9,1.5,19,150,2.13
1.0,2.4,2.0,19,100,2.72
0.5,2.1,2.0,21,100,2.98
0.1,2.5,1.0,21,50,3.6
0.1,2.8,2.0,17,200,2.18
1.0,0.9,0.5,21,50,1.49
0.1,1.2,0.5,17,150,1.41
0.0,2.3,2.0,19,200,2.29
0.0,1.1,1.0,19,50,3.662
1.0,2.6,1.0,19,200,1.71
0.5,2.6,1.0,19,150,2.14
0.5,1.9,0.5,17,200,1.5
0.1,2.4,0.5,17,50,3.09
0.1,2.0,2.0,19,100,3.12
1.0,2.6,0.5,19,100,1.64
0.1,1.3,1.0,21,150,1.59
0.0,1.5,1.0,21,200,1.82
0.5,2.7,2.5,19,100,3.64
0.0,2.9,2.0,19,200,2.56
0.1,2.4,1.0,21,100,2.55
0.0,2.9,1.0,19,100,3.28
0.0,2.5,1.5,19,200,2.32
0.5,2.9,2.0,17,50,3.51
0.1,2.6,2.0,21,100,3.67
0.5,0.5,0.5,17,150,1.14
1.0,1.7,1.5,17,50,1.47
0.1,1.2,0.5,21,200,1.38
1.0,2.4,1.5,19,50,2.138
0.1,3.0,0.5,19,150,2.38
1.0,2.2,2.0,17,150,1.72
0.5,1.0,0.5,17,100,1.23
1.0,1.6,1.5,17,100,1.84
0.0,1.7,1.0,19,50,3.848
0.1,1.6,1.0,17,200,1.47
0.0,2.1,1.5,19,200,2.0
0.1,1.6,1.0,21,200,1.71
0.1,2.1,2.0,19,200,1.9
0.5,1.6,0.5,19,50,2.34
1.0,1.5,1.5,21,50,1.69
0.5,2.9,0.5,19,150,2.19
1.0,1.3,0.5,21,100,1.31
0.0,2.5,1.5,17,50,4.34
0.5,1.4,1.0,21,150,1.58
0.5,2.5,1.5,17,50,2.92
1.0,2.6,1.5,21,100,2.45
0.1,2.1,1.5,17,200,1.8
1.0,0.5,0.5,19,50,1.48
0.5,0.9,0.5,19,150,1.37
0.5,0.6,0.5,19,50,2.12
0.5,2.7,0.5,17,100,1.96
0.1,2.5,2.5,21,100,3.85
0.5,0.7,0.5,17,50,2.22
0.5,2.3,0.5,17,150,1.84
0.0,0.5,0.5,19,200,1.18
0.0,2.4,2.0,21,50,4.68
0.5,2.4,1.5,21,200,1.96
0.0,2.9,0.5,19,100,2.63
0.1,2.1,1.5,17,100,2.55
0.1,2.1,0.5,19,100,1.84
0.0,1.2,0.5,21,50,2.66
0.0,2.9,2.0,17,50,4.89
0.5,2.3,0.5,17,50,2.37
0.1,2.7,1.5,21,100,3.12
0.1,2.5,2.0,19,200,2.15
0.1,2.9,1.0,17,50,3.71
0.0,2.8,1.5,19,200,2.46
0.1,2.5,2.5,21,50,4.83
1.0,1.4,1.0,17,150,1.49
0.0,3.0,2.0,19,150,3.22
0.1,2.8,2.0,21,150,2.86
0.1,2.4,2.0,21,100,3.51
1.0,2.8,1.0,19,150,2.04
0.5,1.1,0.5,17,200,1.24
1.0,1.6,1.5,17,50,1.45
0.1,2.2,1.0,17,50,3.5
0.5,2.4,0.5,17,100,1.89
0.1,2.0,1.0,19,200,1.82
1.0,1.0,1.0,21,200,1.2
0.1,2.1,1.0,19,100,2.5
1.0,2.5,2.0,19,200,1.73
1.0,1.7,1.0,21,100,2.05
1.0,2.5,1.5,21,200,1.69
0.5,2.6,2.0,17,200,2.01
0.5,2.7,2.0,21,50,3.85
0.0,2.4,1.0,19,100,2.94
0.0,1.2,1.0,19,150,1.76
0.1,2.8,1.5,17,100,2.99
0.0,1.3,1.0,19,200,1.59
0.1,1.5,1.5,21,150,1.98
0.0,1.4,0.5,21,50,2.72
1.0,2.3,1.5,19,200,1.58
1.0,0.5,0.5,21,200,1.1
1.0,2.2,0.5,17,50,1.49
1.0,2.7,0.5,21,150,1.71
0.5,1.2,1.0,21,50,2.31
0.1,2.0,0.5,19,150,1.79
0.5,2.6,1.5,21,100,2.83
0.0,2.5,0.5,21,50,3.52
0.0,2.7,2.0,19,200,2.46
0.0,1.6,1.0,21,50,3.83
0.1,1.7,1.5,17,200,1.56
0.1,2.9,2.5,19,200,2.72
0.0,0.7,0.5,19,150,1.47
0.1,3.0,1.5,21,150,2.73
1.0,2.5,2.5,19,50,3.02
1.0,2.4,1.5,21,200,1.66
0.1,2.7,0.5,19,150,2.21
0.5,2.3,0.5,21,100,1.88
0.5,2.8,2.0,19,150,2.43
0.5,2.7,1.0,19,50,3.6
0.0,2.4,1.5,21,150,2.76
0.1,3.0,0.5,17,200,2.26
0.1,2.7,2.0,17,150,2.39
1.0,1.6,0.5,17,50,1.48
0.0,1.8,1.5,19,150,2.36
0.5,2.5,2.5,19,200,2.34
0.0,1.7,1.5,17,50,3.64
0.1,1.8,1.5,21,50,3.35
0.0,2.6,1.5,21,150,2.87
0.5,2.7,0.5,19,100,1.99
0.1,1.6,1.0,17,100,2.25
0.0,3.0,2.5,21,50,5.53
0.5,0.6,0.5,17,50,2.16
0.5,2.0,1.0,19,150,1.84
0.5,2.3,2.0,21,200,2.05
1.0,1.3,1.0,19,200,1.29
1.0,2.5,0.5,19,50,1.64
0.5,2.9,2.0,21,100,3.53
1.0,0.9,0.5,19,50,1.48
0.5,2.7,1.0,21,200,2.08
1.0,1.7,1.5,21,100,1.95
1.0,2.0,0.5,17,50,1.48
1.0,2.0,0.5,19,200,1.32
0.5,2.1,2.0,21,50,3.45
0.5,2.8,0.5,17,100,2.03
0.1,1.3,0.5,21,100,1.5
0.1,2.7,2.5,21,200,2.82
0.5,1.1,0.5,21,150,1.43
0.1,3.0,0.5,19,100,2.37
0.1,2.3,1.0,19,100,2.59
0.1,2.6,2.5,17,150,2.59
1.0,2.0,0.5,21,100,1.53
0.1,1.9,1.0,19,150,1.85
0.5,1.5,1.5,21,50,2.81
1.0,2.7,2.5,19,100,3.12
0.5,2.9,2.0,17,200,2.14
0.0,2.5,1.5,17,200,2.24
0.5,2.6,0.5,17,50,2.37
0.1,2.1,2.0,17,200,1.8
0.5,1.0,1.0,21,200,1.26
0.0,2.9,2.5,21,200,3.08
0.5,2.0,2.0,21,50,3.42
0.5,2.1,1.5,17,50,2.73
0.1,2.3,0.5,21,150,2.12
0.5,3.0,2.0,19,50,3.99
0.1,1.9,0.5,19,100,1.77
0.1,1.1,0.5,19,50,2.55
1.0,2.3,2.0,21,200,1.74
0.0,1.3,1.0,19,50,3.718
0.1,1.3,0.5,19,100,1.48
0.5,1.3,1.0,17,100,1.91
0.0,0.8,0.5,21,50,2.55
0.5,0.8,0.5,17,100,1.28
1.0,2.0,1.5,17,100,2.01
0.0,1.3,1.0,21,50,3.69
1.0,1.6,1.5,21,100,1.9
0.5,2.9,0.5,17,100,2.07
1.0,2.0,0.5,17,200,1.24
1.0,2.9,2.5,21,100,3.42
0.1,2.7,1.5,17,150,2.2
0.5,2.7,2.0,19,100,3.36
0.5,2.2,1.0,17,150,1.83
1.0,1.2,0.5,19,150,1.28
0.1,2.4,2.0,19,200,2.11
1.0,2.2,2.0,17,100,2.31
0.5,0.8,0.5,17,200,1.19
0.5,2.0,1.0,19,50,3.36
0.1,2.8,2.5,19,50,5.76
0.0,2.3,2.0,21,100,3.7
1.0,0.7,0.5,19,200,1.1
0.0,2.8,1.5,17,100,3.32
0.0,2.5,2.0,21,100,3.9
0.0,0.8,0.5,19,50,2.57
0.5,1.0,1.0,21,50,2.26
0.0,2.5,2.5,21,50,5.35
1.0,2.2,0.5,17,150,1.54
1.0,2.8,2.5,19,150,2.63
1.0,2.7,0.5,21,50,1.64
1.0,2.9,2.5,19,200,2.33
1.0,1.3,1.0,19,50,1.37
1.0,1.1,1.0,19,150,1.52
0.0,2.6,1.5,19,200,2.36
0.0,1.1,0.5,19,100,1.61
1.0,0.7,0.5,17,100,1.18
0.5,2.5,2.5,17,150,2.27
0.5,1.7,1.0,17,50,2.39
0.1,2.5,0.5,21,200,1.93
0.5,0.5,0.5,19,100,1.19
0.0,2.2,0.5,19,150,2.28
0.5,1.6,1.5,21,100,2.42
0.0,2.7,0.5,19,50,3.53
0.5,2.9,2.5,19,150,2.88
1.0,1.2,0.5,17,50,1.47
0.0,3.0,1.5,21,100,3.61
0.1,2.7,1.0,19,50,4.1
0.5,2.5,2.0,21,100,3.34
0.1,2.9,1.0,21,150,2.69
0.0,2.0,2.0,17,200,1.97
1.0,1.1,0.5,17,200,1.1
1.0,2.5,1.0,21,100,2.19
0.0,2.9,0.5,21,50,3.93
0.1,2.5,1.5,17,150,2.07
0.1,2.8,1.0,17,200,2.01
0.5,2.3,0.5,19,100,1.88
0.5,2.1,1.5,17,200,1.73
1.0,1.5,0.5,17,50,1.48
1.0,2.9,1.5,19,150,2.19
1.0,2.1,1.0,19,50,1.6
0.0,0.9,0.5,17,100,1.51
0.5,2.5,0.5,21,200,1.68
0.0,2.9,1.5,21,200,2.68
0.1,0.6,0.5,17,50,2.31
0.0,2.5,1.0,21,150,2.7
0.5,2.3,1.0,17,150,1.85
0.5,2.7,0.5,21,50,2.51
1.0,1.2,1.0,21,50,1.33
0.5,1.9,1.5,19,150,1.9
0.5,1.8,1.0,21,100,2.28
0.5,2.4,2.0,21,100,3.26
0.0,1.8,1.5,17,200,1.79
0.1,2.6,1.5,21,150,2.56
1.0,1.4,0.5,19,50,1.49
1.0,1.2,1.0,17,200,1.19
1.0,1.8,0.5,19,50,1.59
1.0,1.5,1.0,19,200,1.36
0.0,2.8,1.0,19,200,2.49
0.5,1.8,1.0,21,50,2.5
0.0,2.0,1.0,21,200,2.13
0.5,2.4,2.0,19,100,3.23
0.5,2.9,0.5,19,100,2.17
0.1,2.7,1.5,17,100,2.92
0.1,1.6,1.5,17,100,2.39
1.0,0.9,0.5,21,150,1.2
0.5,2.1,1.0,21,100,2.35
0.1,2.9,0.5,21,50,3.44
0.5,2.0,0.5,19,150,1.77
0.0,2.6,0.5,21,150,2.49
0.5,2.8,2.5,17,100,3.09
0.5,2.7,1.5,19,100,2.92
1.0,2.9,0.5,21,100,1.74
1.0,2.8,1.5,17,150,1.85
1.0,3.0,0.5,17,200,1.54
0.1,2.7,0.5,19,50,3.33
0.1,2.4,1.0,17,50,3.54
1.0,2.2,1.0,17,200,1.53
1.0,1.0,1.0,19,150,1.48
0.1,2.2,2.0,19,150,2.47
0.1,2.1,1.0,19,150,2.08
0.0,2.3,0.5,17,50,3.28
0.1,2.1,1.0,21,50,3.47
0.1,2.4,2.0,21,50,4.3
0.0,1.8,0.5,19,150,1.94
0.1,1.0,0.5,17,150,1.3
0.1,2.8,1.0,19,100,2.83
1.0,1.8,0.5,17,100,1.47
0.5,1.6,1.0,21,50,2.46
0.5,2.7,1.5,17,50,3.01
0.5,1.0,0.5,21,100,1.31
1.0,1.7,1.5,17,200,1.39
0.5,2.1,1.0,17,100,2.2
0.0,2.9,0.5,19,200,2.43
0.5,0.5,0.5,19,50,2.09
0.0,1.5,1.5,21,50,3.83
0.5,1.5,1.0,19,100,2.3
1.0,3.0,0.5,17,100,1.74
0.1,1.7,1.0,21,150,1.86
0.1,1.3,0.5,21,50,2.55
1.0,2.8,1.0,21,100,2.27
1.0,2.8,1.5,19,50,2.281
0.1,1.7,1.5,17,50,3.37
1.0,2.2,1.0,17,150,1.58
0.5,2.3,1.5,17,200,1.81
0.0,2.4,1.0,19,50,4.115
1.0,2.0,2.0,19,50,2.33
1.0,3.0,2.5,21,150,2.78
0.5,2.0,1.5,19,150,1.92
0.1,2.8,2.5,21,50,5.12
0.1,1.4,1.0,19,50,3.65
0.5,2.6,1.5,21,200,2.01
0.1,3.0,2.5,21,150,3.56
0.5,2.6,1.0,17,100,2.31
0.5,2.0,2.0,19,50,3.22
0.0,2.9,0.5,19,50,3.77
0.1,1.0,1.0,17,50,2.85
0.5,1.0,1.0,19,150,1.46
0.0,2.8,0.5,21,100,2.56
0.5,1.9,1.0,21,200,1.75
0.1,2.8,2.0,21,50,4.56
0.5,1.2,1.0,19,100,2.22
0.1,2.6,0.5,21,200,1.97
0.0,1.7,1.0,17,100,2.5
0.1,2.8,2.5,19,100,4.04
0.5,2.0,0.5,21,200,1.55
0.1,2.5,1.0,17,200,1.89
0.1,2.7,0.5,17,150,2.08
0.5,2.9,2.0,19,50,3.9
0.1,2.1,0.5,17,200,1.76
0.1,2.9,2.5,17,150,2.71
0.0,1.0,0.5,17,100,1.49
0.1,2.9,2.5,19,150,3.38
0.5,2.4,2.0,21,50,3.68
0.1,2.6,0.5,19,100,2.07
0.5,1.4,1.0,17,50,2.28
0.0,1.2,1.0,21,50,3.67
0.1,2.2,1.5,17,50,3.81
0.0,1.6,1.5,17,100,2.58
0.1,0.9,0.5,19,100,1.39
1.0,2.1,2.0,17,100,2.28
0.1,2.2,1.0,21,200,1.95
0.0,1.6,0.5,21,200,1.76
0.5,2.1,2.0,19,150,2.09
0.1,3.0,2.5,19,50,5.8
0.0,2.4,2.0,17,200,2.17
1.0,1.6,1.5,21,50,1.77
0.0,2.0,2.0,19,50,4.26
0.0,2.7,2.0,17,100,3.42
0.1,2.1,1.0,19,50,3.85
0.1,1.6,0.5,19,150,1.65
0.1,1.4,0.5,21,200,1.46
1.0,1.8,1.0,17,100,1.74
0.0,1.0,1.0,19,100,2.37
0.0,1.9,0.5,19,150,2.03
0.1,1.2,0.5,17,200,1.34
1.0,0.9,0.5,17,100,1.2
0.5,2.0,1.5,19,100,2.68
0.1,1.3,0.5,17,200,1.41
1.0,2.0,1.0,17,50,1.48
1.0,2.2,1.5,17,150,1.68
0.5,0.6,0.5,21,200,1.16
0.1,1.9,1.5,21,150,2.23
0.1,2.3,1.0,17,200,1.8
1.0,2.0,1.0,21,200,1.54
0.5,2.2,1.5,19,100,2.74
0.0,1.9,1.0,17,200,1.79
0.0,1.4,0.5,19,150,1.71
0.5,1.6,1.0,17,150,1.7
0.1,1.3,1.0,17,200,1.29
0.0,1.8,1.5,21,50,4.12
1.0,1.7,0.5,19,150,1.43
0.5,2.5,2.0,19,200,1.99
0.1,2.0,1.0,21,200,1.84
0.5,1.1,1.0,17,50,2.22
0.1,2.5,0.5,21,150,2.25
1.0,2.2,1.0,19,50,1.61
0.5,1.5,0.5,21,100,1.51
0.1,2.3,0.5,17,100,1.92
0.0,2.2,1.0,17,100,2.68
0.1,2.1,2.0,17,50,3.84
1.0,2.4,0.5,17,50,1.49
0.0,2.5,1.0,17,200,2.18
0.5,1.4,0.5,19,50,2.32
0.1,2.0,1.0,19,50,3.83
1.0,1.6,0.5,17,100,1.39
0.1,1.3,0.5,17,50,2.61
0.1,2.2,2.0,21,50,4.02
0.1,2.4,1.0,21,200,2.1
1.0,2.6,0.5,19,50,1.64
1.0,2.8,2.0,17,150,2.04
0.0,2.7,1.5,19,200,2.39
0.1,3.0,1.5,21,100,3.29
1.0,2.9,0.5,17,200,1.53
0.0,2.6,2.5,17,100,3.48
1.0,2.9,1.5,21,150,2.03
0.1,2.3,1.5,21,50,3.79
1.0,2.2,1.5,19,100,2.42
0.0,2.1,2.0,17,200,2.02
0.5,2.9,1.0,19,200,2.14
1.0,2.5,0.5,21,200,1.52
0.5,2.8,1.5,17,150,1.98
1.0,2.6,2.5,21,200,2.28
0.5,1.9,1.5,21,200,1.75
0.1,1.1,1.0,19,50,3.48
0.5,2.1,2.0,17,150,1.86
0.0,2.0,0.5,19,200,1.89
0.5,2.0,0.5,19,200,1.53
1.0,0.9,0.5,19,100,1.21
1.0,2.6,2.0,19,100,2.83
0.1,1.0,1.0,21,100,2.07
0.5,2.0,1.0,19,100,2.38
0.1,2.4,0.5,19,50,3.13
0.0,2.0,1.5,17,100,2.74
1.0,0.7,0.5,21,50,1.49
1.0,1.5,1.0,17,150,1.5
0.5,2.0,0.5,21,50,2.36
0.0,2.7,1.0,21,150,2.83
0.1,2.5,1.0,21,150,2.52
0.1,1.2,1.0,21,50,3.21
0.5,2.1,1.5,17,100,2.41
0.0,1.3,1.0,17,200,1.37
0.0,2.6,2.0,19,200,2.41
0.1,1.8,1.5,21,100,2.72
0.1,3.0,2.0,17,50,4.73
0.5,3.0,1.5,17,200,2.12
0.0,3.0,1.0,17,200,2.42
0.1,3.0,1.0,19,50,4.31
1.0,1.1,1.0,19,200,1.23
0.0,2.8,1.5,17,200,2.37
1.0,1.0,0.5,17,150,1.2
1.0,2.1,2.0,21,200,1.69
0.1,1.2,0.5,19,150,1.48
0.1,1.6,1.0,19,150,1.7
0.5,2.8,2.0,21,100,3.49
0.5,1.8,1.5,19,100,2.61
0.1,2.3,2.0,17,150,2.21
0.0,2.2,2.0,17,50,4.35
0.5,1.3,1.0,21,200,1.45
0.0,1.5,0.5,21,200,1.7
1.0,0.6,0.5,21,200,1.1
1.0,1.7,1.5,19,100,2.18
0.1,1.1,0.5,21,150,1.59
0.5,1.6,0.5,19,150,1.57
0.5,3.0,2.0,17,50,3.66
0.0,2.7,2.0,17,150,2.59
0.0,2.8,0.5,19,150,2.54
0.5,1.1,1.0,17,150,1.56
0.5,0.8,0.5,21,100,1.27
0.0,2.8,1.5,19,50,4.72
0.5,2.3,1.0,21,100,2.4
0.1,1.0,0.5,19,200,1.32
1.0,2.1,1.5,19,150,1.84
0.5,1.3,0.5,17,100,1.41
0.1,2.8,1.0,17,50,3.64
0.0,2.0,1.0,21,150,2.33
0.5,2.5,1.0,19,50,3.52
0.0,2.2,1.5,19,50,4.23
0.5,2.8,1.0,17,100,2.37
1.0,1.7,1.5,19,200,1.43
0.5,3.0,0.5,21,200,1.91
0.0,2.7,1.5,21,200,2.58
0.1,2.5,1.0,19,50,3.96
0.5,3.0,0.5,19,150,2.26
0.5,3.0,2.5,21,50,4.82
0.0,1.5,1.0,21,100,2.43
0.0,2.4,0.5,17,100,2.29
0.1,2.8,0.5,19,200,2.05
0.5,1.1,0.5,19,150,1.43
0.0,2.3,2.0,21,150,2.78
0.1,0.5,0.5,21,150,1.3
0.0,1.4,1.0,21,200,1.78
0.5,2.8,1.5,21,200,2.16
0.1,2.3,1.5,19,200,1.93
0.0,1.7,1.5,19,150,2.3
0.1,2.8,1.5,17,200,2.1
1.0,2.1,1.5,17,100,2.03
0.5,1.4,1.0,19,100,2.28
0.0,2.7,2.5,19,200,2.83
0.1,2.6,2.0,17,200,2.09
0.0,3.0,0.5,17,150,2.56
0.5,1.2,0.5,19,150,1.46
0.5,2.7,1.5,21,100,2.87
1.0,2.0,1.5,21,200,1.55
0.1,2.1,1.0,21,150,2.21
0.0,1.9,1.5,21,200,2.11
0.1,0.6,0.5,19,150,1.29
0.5,2.4,0.5,19,100,1.91
1.0,1.6,1.5,17,150,1.41
0.5,0.8,0.5,17,150,1.26
0.1,2.0,0.5,19,200,1.76
0.0,2.2,2.0,21,150,2.71
1.0,2.5,1.5,19,50,2.184
0.1,3.0,2.0,17,200,2.23
0.5,2.7,2.5,21,50,4.56
0.5,3.0,2.0,17,200,2.18
0.0,1.5,1.5,19,200,1.67
0.5,1.3,1.0,19,200,1.43
0.1,1.6,1.0,21,100,2.31
1.0,2.9,2.0,21,150,2.31
0.0,2.8,2.0,17,100,3.51
1.0,1.8,1.5,21,200,1.49
1.0,1.8,1.0,21,100,2.06
0.1,2.9,1.0,19,100,2.94
0.5,1.2,1.0,21,100,1.98
0.0,1.6,0.5,21,100,1.81
0.5,1.9,1.5,17,150,1.73
1.0,1.9,0.5,21,200,1.34
1.0,3.0,1.0,19,200,1.86
0.0,2.8,0.5,17,50,3.57
1.0,2.2,0.5,19,50,1.6
0.0,2.9,2.5,17,100,3.78
0.1,2.5,2.0,21,100,3.58
0.0,2.9,1.5,21,150,3.05
0.1,0.5,0.5,21,200,1.18
0.5,2.5,2.0,17,200,1.95
0.0,2.7,0.5,21,200,2.38
0.0,1.6,1.0,19,50,3.834
0.1,1.4,1.0,17,200,1.36
1.0,1.4,0.5,21,150,1.34
0.0,2.8,1.0,19,100,3.22
1.0,2.7,2.5,21,150,2.63
0.0,1.8,1.0,21,100,2.59
0.1,2.5,1.5,21,100,2.97
0.0,2.7,1.0,21,200,2.49
0.1,2.3,2.0,21,50,4.13
1.0,2.3,1.0,21,200,1.64
0.5,2.6,1.0,21,100,2.52
0.0,2.8,2.0,17,200,2.35
0.1,2.0,0.5,19,100,1.8
0.0,2.5,2.0,19,150,2.85
0.5,2.0,2.0,19,200,1.7
0.1,2.3,2.0,21,100,3.46
1.0,3.0,1.0,17,150,1.86
1.0,2.4,1.0,17,100,2.01
0.1,2.6,2.5,21,150,3.13
0.0,2.3,2.0,17,200,2.12
0.0,1.5,1.5,17,200,1.58
0.0,2.2,1.5,21,50,4.4
0.0,2.5,2.0,17,200,2.21
0.5,1.5,0.5,21,200,1.38
0.1,2.7,2.5,21,100,3.93
0.5,1.2,0.5,17,50,2.32
1.0,2.8,2.0,17,50,2.61
0.5,1.5,1.0,19,150,1.62
0.0,1.3,1.0,21,100,2.37
0.1,2.7,2.0,19,200,2.23
0.1,1.8,1.5,17,150,1.79
1.0,1.5,1.0,21,150,1.53
0.1,2.3,2.0,17,200,1.92
0.5,2.0,2.0,17,100,2.44
0.5,2.0,2.0,17,200,1.69
0.0,1.2,1.0,21,200,1.65
0.5,2.1,0.5,17,200,1.54
0.0,1.1,0.5,17,100,1.5
1.0,3.0,2.0,17,100,2.65
0.5,2.6,1.0,19,200,1.98
1.0,2.4,1.5,17,200,1.58
0.1,1.5,0.5,17,50,2.63
0.0,1.8,0.5,17,50,2.98
0.0,3.0,2.0,21,150,3.23
0.1,2.7,1.0,21,100,2.71
0.0,1.3,0.5,21,150,1.69
1.0,1.5,0.5,19,100,1.36
0.0,1.8,1.0,19,150,2.05
1.0,1.6,1.0,17,150,1.51
0.0,1.4,0.5,19,100,1.72
0.5,1.2,0.5,19,200,1.29
0.1,2.5,1.5,19,50,4.2
0.1,2.1,1.5,19,100,2.86
1.0,0.5,0.5,17,50,1.47
0.0,1.5,1.5,17,150,1.84
0.5,1.2,1.0,21,200,1.37
0.0,2.6,1.5,19,100,3.31
0.0,1.1,0.5,17,50,2.7
0.0,3.0,1.5,19,50,4.83
0.5,2.6,2.0,19,50,3.78
1.0,2.4,1.5,21,100,2.31
0.5,2.8,2.5,19,150,2.83
0.5,2.6,1.5,19,200,1.96
0.5,2.3,1.0,19,100,2.47
0.1,2.7,1.0,21,200,2.21
0.1,1.7,1.0,21,100,2.33
0.5,1.5,1.0,21,50,2.44
0.5,1.3,0.5,19,200,1.31
0.5,2.6,1.5,17,150,1.9
0.1,1.7,1.0,19,100,2.39
0.0,2.9,2.0,19,150,3.15
1.0,2.3,0.5,21,150,1.58
0.0,3.0,1.5,17,150,2.68
0.1,2.7,0.5,19,100,2.13
0.1,2.4,1.5,17,100,2.74
1.0,2.0,1.0,19,100,2.19
0.0,1.3,0.5,17,50,2.77
0.5,1.0,0.5,17,50,2.32
0.0,2.5,2.5,19,200,2.74
1.0,1.5,0.5,21,50,1.5
0.0,2.7,2.5,17,200,2.52
0.5,2.8,1.5,21,100,2.94
1.0,2.8,0.5,19,150,1.73
0.1,1.6,1.5,19,50,3.35
0.0,1.1,1.0,19,100,2.39
0.5,2.7,1.0,17,150,1.94
0.0,3.0,0.5,17,100,2.66
0.5,2.9,2.0,21,150,2.66
0.0,3.0,1.5,17,100,3.46
0.0,2.5,1.0,17,100,2.78
1.0,2.1,1.5,19,100,2.32
1.0,2.8,1.5,17,100,2.43
1.0,2.4,2.0,21,100,2.69
0.1,2.6,2.0,17,150,2.3
0.5,1.8,1.0,19,200,1.69
1.0,2.2,1.0,19,100,2.2
1.0,1.9,1.0,17,50,1.47
0.1,1.4,0.5,21,100,1.57
0.0,1.9,1.0,17,100,2.57
0.5,2.3,0.5,17,200,1.58
0.5,1.6,1.0,17,50,2.36
0.5,1.3,1.0,17,50,2.26
1.0,2.2,1.5,21,200,1.59
1.0,1.6,1.5,19,150,1.71
0.0,0.5,0.5,21,150,1.45
0.5,1.5,0.5,21,150,1.54
1.0,2.5,1.5,21,50,2.25
0.5,2.7,0.5,21,100,2.07
1.0,1.6,0.5,21,200,1.29
1.0,1.5,0.5,21,200,1.24
0.5,1.5,1.0,17,50,2.3
0.5,2.1,0.5,21,50,2.36
0.5,1.2,0.5,21,200,1.3
0.1,2.6,2.0,17,100,3.11
0.5,2.5,0.5,19,50,2.37
0.0,1.5,1.0,19,200,1.69
1.0,2.7,1.0,21,50,1.79
0.1,2.4,1.5,19,200,1.97
0.5,1.1,0.5,19,200,1.25
0.0,2.1,1.5,17,150,2.09
0.0,2.6,1.5,21,100,3.33
1.0,2.6,2.0,17,200,1.68
0.5,3.0,1.0,19,100,2.77
0.5,2.7,1.0,17,100,2.33
1.0,2.4,1.0,17,200,1.55
0.5,3.0,1.0,17,200,2.03
0.5,0.7,0.5,19,150,1.25
0.1,1.5,1.5,19,200,1.51
1.0,1.6,1.0,17,50,1.41
1.0,2.6,1.0,19,150,1.95
0.5,2.3,0.5,19,50,2.37
1.0,2.9,0.5,19,200,1.62
0.1,2.0,2.0,19,50,3.77
0.5,1.8,0.5,17,100,1.68
0.0,1.7,1.0,17,200,1.64
0.0,2.8,2.0,17,50,4.88
0.1,1.5,1.5,17,100,2.36
0.0,2.5,2.5,19,50,6.05
0.0,2.8,0.5,19,200,2.38
1.0,1.7,1.0,21,150,1.6
0.5,1.6,0.5,21,50,2.34
0.5,1.1,1.0,21,50,2.3
1.0,2.0,2.0,19,200,1.53
0.5,1.4,1.0,19,200,1.48
0.5,2.3,2.0,17,200,1.82
0.1,0.8,0.5,21,150,1.44
1.0,1.9,0.5,17,50,1.48
0.1,2.7,1.5,17,200,2.05
0.0,3.0,1.0,19,150,2.94
0.0,2.5,1.5,19,50,4.46
0.1,2.3,1.0,19,200,1.98
0.5,1.3,0.5,19,150,1.48
0.5,2.7,1.0,17,50,2.8
1.0,2.2,2.0,19,150,1.98
0.0,1.2,1.0,19,50,3.706
1.0,3.0,0.5,21,150,1.88
0.1,1.3,1.0,21,100,2.19
0.1,1.5,0.5,17,100,1.52
0.0,1.4,1.0,19,200,1.64
0.0,2.3,1.0,19,150,2.43
1.0,2.4,0.5,17,200,1.36
0.5,2.0,1.0,21,50,2.58
0.1,2.7,1.0,17,100,2.58
0.5,1.8,1.5,21,200,1.72
1.0,2.7,2.5,21,200,2.32
0.1,1.7,1.5,21,150,2.14
1.0,2.8,1.0,21,150,1.91
0.0,2.9,2.0,21,100,4.3
0.5,2.8,1.0,21,100,2.58
0.5,2.8,1.5,17,50,3.13
0.5,2.4,1.5,19,150,2.12
0.5,1.8,1.5,17,150,1.7
0.1,1.5,0.5,19,200,1.49
0.1,1.8,1.5,19,100,2.79
0.5,1.0,0.5,21,200,1.25
1.0,0.8,0.5,17,150,1.19
0.0,0.8,0.5,17,100,1.52
1.0,2.4,1.5,17,100,2.19
0.0,2.5,0.5,17,50,3.34
0.5,3.0,2.0,17,150,2.31
0.1,2.6,1.0,19,200,2.14
0.1,1.8,0.5,17,50,2.7
0.1,1.4,1.0,21,100,2.24
0.5,2.3,0.5,19,200,1.58
0.1,2.6,1.5,17,100,2.85
0.0,1.1,0.5,21,200,1.54
0.5,3.0,2.5,19,50,4.77
1.0,1.0,0.5,17,100,1.2
1.0,1.6,1.0,19,50,1.43
0.0,2.2,0.5,21,100,2.13
0.1,1.8,0.5,19,150,1.71
1.0,1.7,1.5,17,150,1.46
1.0,3.0,1.0,21,200,1.88
0.5,3.0,1.0,17,150,2.05
0.0,1.0,1.0,21,200,1.48
0.5,3.0,1.5,19,50,3.53
0.5,2.6,0.5,21,200,1.74
0.0,2.4,2.0,21,200,2.58
0.5,3.0,2.5,19,100,3.74
1.0,1.6,1.0,19,200,1.39
0.0,2.6,2.5,21,50,5.38
1.0,1.1,0.5,19,50,1.48
0.0,3.0,1.0,21,50,4.6
1.0,2.7,2.5,19,50,3.21
0.5,1.4,1.0,21,200,1.5
1.0,2.9,1.0,21,200,1.84
0.0,1.0,0.5,21,200,1.49
0.0,2.1,1.0,21,200,2.21
1.0,3.0,2.0,21,200,2.22
0.5,2.6,0.5,19,150,2.0
0.1,2.2,2.0,17,200,1.87
0.0,0.8,0.5,19,150,1.48
0.5,2.7,2.5,21,200,2.64
1.0,2.1,1.0,19,100,2.2
0.0,2.1,1.0,17,200,1.89
0.1,1.2,1.0,17,50,3.02
0.5,0.9,0.5,17,150,1.27
0.1,2.9,1.0,17,200,2.05
0.0,1.6,0.5,19,200,1.75
0.1,2.6,2.5,19,100,3.89
0.1,1.7,1.0,17,50,3.28
1.0,2.2,0.5,21,200,1.44
1.0,2.7,2.0,21,200,1.92
0.0,3.0,0.5,19,200,2.47
0.1,2.6,2.0,19,50,4.79
0.1,1.5,1.5,17,50,3.15
0.0,1.8,1.0,21,50,3.86
0.0,1.5,1.5,19,100,2.81
0.5,1.2,0.5,21,150,1.47
1.0,2.8,0.5,21,200,1.63
0.5,2.1,2.0,17,100,2.48
1.0,2.8,1.0,19,100,2.35
0.5,0.6,0.5,19,150,1.23
0.1,1.5,0.5,21,100,1.64
1.0,2.5,1.0,19,150,1.91
0.1,1.5,1.5,17,200,1.49
0.5,2.2,2.0,17,50,3.24
0.0,2.2,1.5,17,200,2.02
0.1,1.1,1.0,19,200,1.41
0.5,1.7,0.5,17,100,1.62
0.0,1.2,1.0,19,200,1.54
0.5,1.7,1.5,17,150,1.69
1.0,3.0,1.5,17,50,2.13
0.0,3.0,0.5,19,100,2.72
0.1,1.9,0.5,17,100,1.77
1.0,2.9,2.0,17,200,1.79
0.0,2.7,2.5,19,150,3.59
1.0,2.8,1.0,17,50,1.71
0.5,2.7,2.5,19,150,2.79
1.0,2.4,1.0,19,150,1.88
1.0,2.5,0.5,21,50,1.64
0.5,2.7,1.5,21,200,2.09
0.1,3.0,2.0,17,150,2.57
0.1,2.0,1.0,21,100,2.43
0.5,2.4,1.0,21,50,2.79
1.0,2.5,0.5,19,200,1.49
1.0,0.8,0.5,21,200,1.15
0.5,2.2,1.0,19,100,2.42
0.1,1.0,0.5,19,50,2.51
0.5,2.9,2.0,19,100,3.49
0.5,2.2,0.5,19,150,1.84
1.0,2.3,2.0,17,200,1.55
0.5,1.2,0.5,17,150,1.35
0.1,1.7,1.5,21,200,1.8
0.1,2.8,2.0,19,200,2.28
1.0,2.9,0.5,19,150,1.79
0.5,0.7,0.5,17,200,1.15
0.5,2.6,1.5,19,50,3.3
1.0,2.1,1.5,17,150,1.62
0.1,2.2,0.5,17,150,1.86
0.5,1.5,1.5,19,150,1.8
1.0,1.5,0.5,21,100,1.37
1.0,1.3,1.0,21,100,1.89
0.1,1.5,1.0,21,100,2.29
1.0,2.4,1.0,19,50,1.68
0.0,2.1,1.5,19,100,3.04
0.0,1.7,1.0,21,200,1.92
0.5,1.1,0.5,21,50,2.29
0.1,3.0,2.5,17,150,2.78
0.1,2.5,2.5,17,200,2.23
0.0,2.1,1.0,17,50,3.83
0.1,1.9,0.5,17,50,2.75
0.1,2.8,0.5,17,50,3.39
1.0,2.9,2.0,19,100,2.95
0.1,2.6,1.5,19,100,3.09
0.1,2.4,1.0,19,200,2.07
0.0,2.3,1.0,17,50,3.94
0.1,3.0,1.0,19,150,2.72
0.5,2.3,1.0,21,50,2.74
0.0,1.4,0.5,17,150,1.66
0.1,2.6,2.5,19,50,5.59
0.5,1.8,1.5,19,50,2.88
1.0,1.4,0.5,19,200,1.19
0.5,1.7,1.0,19,200,1.64
1.0,2.0,1.5,19,150,1.81
0.1,2.4,1.0,21,50,3.58
0.1,1.5,0.5,19,50,2.64
0.1,2.5,0.5,19,100,2.01
0.5,1.8,0.5,17,50,2.35
0.0,2.4,0.5,19,200,2.18
0.5,1.4,1.0,17,100,1.95
0.0,1.7,0.5,21,200,1.79
0.0,2.8,1.5,21,100,3.46
0.0,3.0,2.5,17,100,3.82
0.0,0.7,0.5,17,50,2.51
1.0,2.7,1.0,17,200,1.62
0.0,1.7,1.5,21,150,2.39
0.5,2.1,2.0,19,50,3.35
0.1,2.7,2.5,19,200,2.61
0.1,2.1,0.5,21,150,1.98
0.1,3.0,2.0,21,200,2.58
0.1,0.8,0.5,17,100,1.28
0.1,2.9,0.5,19,200,2.08
0.5,1.9,0.5,19,100,1.73
0.0,2.1,1.5,17,50,3.96
1.0,2.4,0.5,21,150,1.6
0.1,2.8,2.0,21,200,2.47
0.5,1.5,0.5,21,50,2.32
0.0,2.9,0.5,21,150,2.63
1.0,1.2,0.5,21,100,1.29
0.1,1.3,1.0,19,100,2.3
1.0,2.7,0.5,17,200,1.47
0.5,2.9,2.5,19,100,3.69
0.1,1.2,0.5,21,50,2.52
0.1,2.5,2.5,19,200,2.55
0.0,1.9,1.5,21,100,2.91
0.1,1.2,1.0,21,200,1.48
0.1,2.9,1.0,17,100,2.65
0.5,1.6,1.5,21,50,2.83
0.1,2.9,1.0,19,50,4.27
0.1,2.8,0.5,19,150,2.25
0.0,1.1,0.5,21,150,1.59
0.5,1.7,1.0,19,100,2.33
1.0,2.7,2.0,19,100,2.87
0.5,1.2,1.0,17,150,1.61
0.5,0.5,0.5,21,150,1.22
1.0,1.4,0.5,21,200,1.22
0.5,2.5,2.5,17,200,2.15
0.1,0.8,0.5,17,50,2.42
0.0,2.9,2.5,19,50,6.42
1.0,2.8,2.5,21,50,3.62
0.0,2.1,2.0,21,50,4.41
0.0,1.5,1.0,19,100,2.52
0.0,2.0,1.5,17,200,1.89
1.0,2.9,1.5,21,100,2.67
0.0,2.2,2.0,17,100,3.06
0.5,1.7,1.0,17,100,2.06
1.0,3.0,2.0,21,100,3.04
0.1,2.9,1.0,17,150,2.21
0.5,1.8,1.5,17,100,2.27
1.0,1.7,1.0,19,100,2.11
0.0,2.4,0.5,19,50,3.37
1.0,1.7,0.5,21,100,1.44
0.0,3.0,0.5,17,200,2.35
1.0,1.3,1.0,19,100,2.01
0.1,1.6,0.5,21,150,1.79
0.0,1.5,1.0,17,200,1.51
0.0,2.4,1.5,21,50,4.51
1.0,2.7,1.0,21,200,1.77
0.0,0.9,0.5,17,200,1.29
1.0,0.7,0.5,21,100,1.19
0.0,2.7,2.5,19,100,4.44
0.5,1.6,1.0,17,100,2.03
1.0,2.6,1.5,19,50,2.231
0.5,1.0,0.5,19,150,1.39
0.0,1.8,0.5,21,150,1.98
0.1,2.5,2.5,21,200,2.73
1.0,2.0,1.0,19,50,1.57
1.0,2.0,0.5,21,200,1.38
0.1,2.8,1.0,21,150,2.65
0.5,2.7,1.0,21,150,2.27
0.0,1.5,0.5,17,200,1.58
0.0,2.2,2.0,19,150,2.64
0.0,2.3,0.5,21,100,2.18
0.0,2.7,2.0,17,200,2.31
0.1,1.6,0.5,17,150,1.56
0.1,1.4,0.5,19,150,1.58
1.0,2.3,1.0,21,150,1.77
0.0,2.0,0.5,17,50,3.06
1.0,0.7,0.5,19,150,1.18
0.5,2.7,1.0,21,100,2.55
1.0,2.6,1.0,17,150,1.72
0.0,2.7,1.0,19,50,4.432
0.0,2.7,0.5,17,150,2.42
0.1,2.5,2.5,17,150,2.49
1.0,1.2,1.0,21,150,1.43
0.1,0.6,0.5,17,150,1.21
1.0,2.5,1.0,21,150,1.82
0.1,3.0,1.5,17,150,2.35
0.5,0.9,0.5,21,200,1.22
0.0,2.2,1.5,19,200,2.07
0.1,1.0,1.0,19,150,1.52
0.0,0.6,0.5,19,100,1.51
0.0,2.2,1.5,21,200,2.31
0.5,1.5,1.5,19,200,1.51
0.5,2.3,1.0,19,200,1.87
0.0,1.1,0.5,21,100,1.62
0.0,1.0,1.0,21,150,1.74
0.1,0.6,0.5,19,200,1.18
0.0,2.4,1.5,17,100,2.93
0.0,2.5,2.0,19,200,2.37
0.0,1.9,0.5,19,50,3.07
0.0,2.7,2.0,19,50,5.18
1.0,2.8,1.5,17,50,1.93
0.1,2.5,1.5,21,150,2.52
1.0,1.3,0.5,19,200,1.19
0.0,2.7,2.0,21,50,5.14
0.1,3.0,2.5,17,50,5.54
1.0,2.6,2.5,17,50,2.73
1.0,2.3,1.5,21,100,2.28
0.1,2.5,1.0,19,200,2.1
1.0,0.8,0.5,21,50,1.49
1.0,1.9,0.5,19,50,1.59
0.1,2.9,2.0,17,100,3.38
0.1,2.8,0.5,17,200,2.03
0.5,2.7,2.0,19,200,2.15
0.1,2.5,2.0,19,150,2.66
0.1,2.7,2.0,21,100,3.71
1.0,3.0,2.0,19,150,2.32
0.0,2.3,0.5,19,50,3.31
0.0,2.3,1.5,17,150,2.19
0.1,2.9,1.5,19,50,4.36
1.0,1.3,0.5,19,50,1.49
1.0,2.7,2.0,21,50,3.04
0.5,2.6,2.5,19,150,2.76
0.5,2.8,1.5,19,100,2.96
0.5,2.8,0.5,21,50,2.56
0.5,0.7,0.5,19,100,1.22
0.0,2.6,0.5,17,100,2.42
1.0,2.1,0.5,19,50,1.59
0.0,1.6,0.5,17,150,1.76
0.0,1.1,1.0,17,100,2.31
1.0,1.3,0.5,17,100,1.3
1.0,2.8,1.5,21,200,1.85
1.0,1.1,0.5,19,150,1.25
0.5,3.0,2.0,19,200,2.24
1.0,1.8,1.5,21,50,1.84
0.5,2.2,1.0,21,150,1.95
0.5,3.0,1.0,21,100,2.69
1.0,1.6,1.0,17,100,1.68
1.0,2.3,0.5,17,100,1.58
1.0,1.2,0.5,19,100,1.29
0.1,0.5,0.5,17,100,1.21
0.5,1.1,1.0,21,100,1.93
0.5,2.4,1.0,17,150,1.87
0.1,0.9,0.5,19,200,1.29
1.0,2.6,2.0,19,50,2.61
0.5,1.3,0.5,19,50,2.32
0.0,0.6,0.5,19,150,1.45
0.5,2.8,2.5,21,100,3.71
0.5,1.1,1.0,21,200,1.32
0.1,0.7,0.5,21,150,1.4
1.0,0.6,0.5,17,200,1.07
1.0,2.3,1.5,19,150,1.89
0.5,0.6,0.5,21,100,1.2
0.5,1.8,1.5,21,50,2.91
0.0,1.0,0.5,19,100,1.59
0.0,2.1,1.0,21,100,2.68
0.5,2.4,0.5,19,200,1.61
0.0,2.2,0.5,17,100,2.06
0.1,2.1,1.5,19,50,3.86
1.0,0.9,0.5,17,150,1.2
1.0,2.6,0.5,21,50,1.64
0.5,1.6,1.0,19,200,1.58
0.5,2.6,1.5,17,100,2.63
0.5,2.9,1.0,21,100,2.61
0.0,2.5,2.0,17,100,3.2
0.0,1.2,1.0,17,50,3.33
1.0,1.1,0.5,21,200,1.19
0.5,1.9,1.0,19,200,1.72
0.0,2.0,1.5,21,50,4.25
0.1,1.0,1.0,19,100,2.23
0.1,1.0,0.5,21,200,1.32
0.5,2.3,1.5,21,50,3.22
0.1,3.0,2.5,19,200,2.77
0.0,2.9,1.5,21,50,4.88
0.1,1.2,1.0,21,100,2.16
0.0,2.2,1.5,19,100,3.12
0.5,2.4,1.0,17,100,2.28
0.5,1.6,1.5,21,150,1.82
0.5,2.6,2.5,19,50,4.29
0.0,1.7,1.5,19,200,1.79
0.0,1.2,0.5,17,150,1.55
0.0,1.5,0.5,21,100,1.77
0.5,1.3,1.0,21,150,1.53
1.0,2.8,2.0,19,150,2.26
0.5,2.3,1.5,19,200,1.86
0.1,2.7,0.5,21,50,3.36
0.0,1.1,1.0,19,200,1.48
0.1,2.5,1.0,19,100,2.67
0.1,2.5,0.5,21,100,2.12
0.5,2.5,2.0,21,150,2.43
1.0,2.3,1.5,17,100,2.14
0.1,2.4,0.5,19,100,1.98
0.5,1.4,0.5,17,150,1.45
0.5,2.0,0.5,17,200,1.53
0.5,1.6,1.0,21,150,1.67
0.5,2.5,1.5,19,150,2.18
1.0,1.1,0.5,19,200,1.14
0.0,2.5,1.0,19,100,2.98
0.5,1.9,1.5,17,100,2.31
0.1,2.6,0.5,19,50,3.28
1.0,2.5,1.0,19,50,1.7
0.1,2.9,0.5,19,50,3.41
0.0,2.7,2.5,17,150,2.8
0.0,2.4,1.0,19,150,2.51
0.0,2.0,0.5,21,100,1.99
1.0,1.4,1.0,19,150,1.63
0.5,1.0,1.0,17,150,1.5
0.0,1.6,1.0,19,200,1.77
0.1,2.8,0.5,19,50,3.39
0.1,1.1,1.0,19,100,2.26
0.5,0.8,0.5,19,200,1.18
1.0,1.4,1.0,19,50,1.38
1.0,3.0,1.0,21,50,1.92
0.0,2.9,0.5,21,200,2.46
1.0,3.0,1.0,19,50,1.88
0.1,3.0,2.5,17,200,2.48
1.0,1.5,1.0,21,100,2.01
1.0,0.7,0.5,21,150,1.19
0.5,2.5,2.0,19,50,3.74
1.0,0.7,0.5,17,150,1.17
1.0,2.6,0.5,17,200,1.43
1.0,2.6,2.5,17,100,2.63
0.0,2.3,2.0,21,50,4.52
1.0,1.9,0.5,19,150,1.49
0.0,3.0,0.5,21,100,2.78
0.5,2.4,0.5,17,50,2.37
0.5,1.1,1.0,19,200,1.31
0.0,1.7,1.0,19,150,1.99
0.0,0.6,0.5,17,100,1.4
0.1,1.2,1.0,19,50,3.53
1.0,2.5,1.5,17,200,1.6
0.0,1.8,1.0,21,200,1.99
1.0,1.3,0.5,21,50,1.5
1.0,2.9,2.0,19,200,1.87
0.0,2.2,1.5,21,100,3.08
0.0,1.4,0.5,19,50,2.82
0.5,2.2,1.5,17,100,2.47
0.5,0.6,0.5,17,100,1.19
0.0,2.0,2.0,21,200,2.35
0.0,2.7,0.5,21,150,2.52
0.0,1.3,1.0,21,200,1.74
0.0,2.6,0.5,17,150,2.39
0.0,0.9,0.5,17,150,1.46
0.1,0.8,0.5,19,200,1.26
0.0,1.9,1.5,19,100,2.92
0.1,1.5,1.0,19,50,3.66
0.1,2.8,2.0,17,100,3.28
1.0,3.0,2.5,21,200,2.57
0.1,1.2,0.5,19,50,2.59
0.0,1.2,0.5,19,50,2.74
0.1,1.4,1.0,21,150,1.65
0.5,1.5,0.5,19,200,1.37
1.0,1.7,1.0,19,150,1.71
0.5,1.2,0.5,17,100,1.35
0.1,2.3,0.5,21,200,1.85
0.0,2.9,2.0,17,200,2.41
0.0,1.6,1.0,21,150,1.98
0.1,0.6,0.5,17,200,1.16
1.0,1.0,0.5,21,200,1.15
0.5,1.0,1.0,19,200,1.25
0.5,2.2,1.5,17,150,1.79
0.5,1.7,1.5,17,200,1.56
1.0,2.5,2.5,17,50,2.59
0.1,2.5,1.0,19,150,2.32
0.0,2.5,1.5,21,100,3.28
0.0,3.0,2.5,21,100,4.78
0.0,2.2,1.5,17,50,4.01
0.5,0.5,0.5,17,50,2.07
1.0,2.4,0.5,19,100,1.6
1.0,2.2,2.0,19,50,2.4
0.1,2.6,0.5,21,100,2.19
0.5,0.6,0.5,17,200,1.13
1.0,2.9,2.0,21,50,3.19
0.1,1.1,1.0,17,50,2.94
0.5,2.6,0.5,21,150,2.03
0.1,1.8,1.0,19,100,2.41
0.0,1.6,1.5,21,100,2.81
1.0,1.3,1.0,19,150,1.59
0.0,2.9,1.0,17,200,2.35
1.0,1.3,0.5,19,150,1.3
0.0,1.2,1.0,19,100,2.44
0.5,1.7,0.5,19,100,1.63
0.5,3.0,2.5,17,100,3.17
0.0,0.7,0.5,21,100,1.53
0.0,2.8,2.0,21,200,2.74
1.0,1.1,0.5,21,50,1.49
0.5,2.7,0.5,19,50,2.45
0.1,1.3,1.0,17,50,3.09
1.0,2.0,1.5,21,50,1.98
0.5,2.9,0.5,21,50,2.59
0.0,1.1,0.5,19,50,2.71
0.1,2.8,0.5,19,100,2.19
0.1,2.8,1.0,21,100,2.79
0.1,3.0,1.0,17,100,2.7
1.0,1.9,1.0,17,150,1.56
0.0,2.6,0.5,19,50,3.49
0.0,2.4,2.0,17,100,3.17
1.0,1.8,1.0,19,150,1.75
0.1,2.4,2.0,17,100,3.02
0.0,1.6,1.5,21,150,2.33
0.1,1.1,0.5,17,50,2.54
1.0,2.1,0.5,17,200,1.29
0.5,2.7,1.0,17,200,1.92
0.0,2.6,0.5,21,50,3.69
0.1,2.6,1.0,17,50,3.62
1.0,2.4,0.5,17,100,1.6
1.0,1.5,0.5,19,50,1.49
1.0,1.4,0.5,17,200,1.15
1.0,1.6,1.0,19,150,1.68
0.1,2.3,1.0,21,200,2.04
1.0,1.1,0.5,21,100,1.27
0.1,0.8,0.5,17,200,1.26
0.5,2.7,2.0,17,50,3.42
0.0,2.9,0.5,17,50,3.64
1.0,2.9,2.5,21,50,3.94
0.5,2.5,0.5,21,50,2.45
0.5,1.1,0.5,21,100,1.35
1.0,2.3,2.0,21,50,2.69
0.0,2.6,2.5,21,150,3.47
1.0,0.8,0.5,19,200,1.12
0.0,2.6,1.5,21,200,2.52
0.5,2.5,2.5,19,100,3.52
1.0,2.6,2.5,17,200,1.91
1.0,2.4,1.0,21,200,1.67
0.0,2.2,2.0,19,50,4.69
1.0,2.6,1.0,17,50,1.66
1.0,2.8,2.5,17,200,2.04
0.5,0.5,0.5,21,200,1.14
0.5,1.9,1.5,19,50,2.91
0.5,2.1,2.0,21,150,2.17
0.0,2.4,1.5,21,200,2.44
1.0,1.8,0.5,19,100,1.48
0.5,2.4,1.0,19,100,2.51
1.0,2.7,1.5,21,150,1.91
0.1,2.0,1.5,19,50,3.83
0.5,1.9,0.5,17,50,2.35
0.0,2.3,1.5,21,200,2.38
0.5,2.3,0.5,19,150,1.88
0.0,1.1,0.5,19,200,1.52
0.1,1.9,0.5,21,200,1.73
1.0,1.5,1.0,19,50,1.4
0.5,2.4,2.0,19,150,2.27
0.1,2.9,1.0,21,50,3.71
0.5,3.0,1.5,21,100,3.14
0.1,1.6,1.0,21,150,1.74
0.1,2.7,2.0,19,100,3.67
1.0,2.9,2.0,17,50,2.74
0.1,2.1,1.5,17,50,3.74
0.5,1.3,0.5,17,50,2.36
0.5,2.4,2.0,21,200,2.09
0.0,3.0,1.0,17,100,3.19
0.5,1.0,1.0,21,100,1.89
0.1,2.4,2.0,19,50,4.49
0.0,1.9,1.0,19,50,3.914
0.0,1.1,1.0,21,150,1.79
0.1,2.3,1.0,21,50,3.53
0.1,2.9,0.5,17,50,3.41
0.5,1.2,1.0,17,200,1.24
1.0,2.1,1.5,19,50,1.938
0.5,2.7,1.0,19,150,2.21
0.0,2.6,1.0,19,50,4.312
0.5,1.3,1.0,19,100,2.25
0.0,3.0,0.5,19,50,3.84
0.5,3.0,1.5,21,50,3.58
1.0,2.8,1.0,19,50,1.83
0.0,2.8,2.0,21,50,5.21
0.5,2.5,2.5,21,50,4.33
1.0,1.9,1.0,21,100,2.09
0.0,1.5,0.5,17,50,2.86
1.0,2.0,1.0,17,150,1.57
0.5,2.0,1.0,17,150,1.78
0.1,2.5,2.5,21,150,3.05
0.0,3.0,2.0,21,100,4.3
1.0,2.0,1.5,21,150,1.71
0.0,1.9,0.5,17,100,1.93
0.0,1.7,1.5,17,100,2.64
0.5,1.9,1.5,19,100,2.65
0.5,2.0,1.5,21,200,1.8
1.0,2.0,1.0,21,150,1.69
0.5,2.8,0.5,19,50,2.49
0.1,2.8,1.5,21,200,2.37
0.5,2.8,2.0,21,150,2.58
1.0,1.7,0.5,17,150,1.43
0.5,1.7,0.5,17,50,2.35
1.0,2.7,0.5,19,150,1.69
0.1,3.0,0.5,21,200,2.16
0.1,2.6,1.5,21,50,4.17
0.0,2.0,1.0,19,150,2.17
0.1,2.2,0.5,21,200,1.81
0.5,0.8,0.5,19,50,2.18
0.1,2.8,2.5,17,200,2.37
1.0,2.6,0.5,21,150,1.67
0.0,2.7,2.0,21,200,2.7
0.1,0.5,0.5,17,150,1.2
0.5,2.1,1.0,21,50,2.64
0.5,2.8,1.0,17,200,1.94
0.0,2.4,0.5,19,100,2.29
0.0,2.6,1.0,21,200,2.46
0.5,0.8,0.5,21,200,1.19
0.0,2.8,2.5,19,100,4.62
0.5,1.9,1.0,17,100,2.16
0.5,2.3,1.5,21,150,2.14
0.1,1.7,0.5,21,100,1.7
0.5,2.4,0.5,21,200,1.65
0.1,1.5,1.0,19,150,1.67
0.5,2.5,1.0,21,50,2.87
0.1,0.7,0.5,17,200,1.18
0.5,2.2,1.0,19,150,1.93
0.5,2.3,2.0,21,50,3.61
0.1,2.6,2.0,21,50,4.38
1.0,1.3,1.0,21,50,1.37
0.5,1.8,1.5,17,50,2.6
0.5,2.8,2.0,17,150,2.21
0.0,2.5,0.5,21,150,2.46
0.5,2.8,2.5,17,50,4.24
1.0,2.7,2.0,21,100,2.84
0.1,1.6,1.5,17,200,1.52
1.0,1.2,1.0,21,200,1.27
1.0,2.3,1.0,19,150,1.85
0.5,1.4,1.0,17,200,1.35
1.0,2.6,1.5,19,100,2.57
0.1,1.1,0.5,17,100,1.36
0.1,1.6,1.5,21,200,1.77
0.5,2.6,2.0,19,150,2.32
0.0,2.3,1.5,19,200,2.19
0.1,2.2,1.0,19,50,3.9
1.0,1.6,0.5,21,150,1.4
1.0,1.7,1.5,21,150,1.6
1.0,2.0,2.0,21,150,1.87
0.5,2.4,1.5,17,150,1.81
1.0,1.6,0.5,17,200,1.18
0.1,1.7,0.5,21,150,1.81
1.0,1.8,0.5,21,200,1.32
0.0,1.9,1.5,17,100,2.7
0.5,2.8,0.5,21,150,2.17
0.0,2.8,2.5,17,50,5.52
0.5,2.0,1.5,17,100,2.35
0.0,0.9,0.5,21,100,1.57
0.1,1.8,1.0,19,50,3.73
0.1,1.6,0.5,21,200,1.61
1.0,2.4,1.5,21,150,1.81
1.0,2.9,1.0,17,50,1.71
1.0,3.0,1.0,17,200,1.69
0.1,1.7,0.5,19,100,1.68
0.1,2.0,0.5,21,200,1.77
0.1,2.3,1.0,19,50,3.91
0.5,0.5,0.5,21,50,2.11
1.0,2.8,2.5,21,100,3.28
1.0,1.2,0.5,21,200,1.19
0.5,2.8,1.0,21,150,2.32
0.0,2.3,1.5,19,50,4.24
0.1,2.5,2.0,21,200,2.3
0.0,1.8,0.5,19,50,3.01
0.5,2.9,2.0,21,200,2.38
1.0,2.0,1.5,17,50,1.58
0.5,2.9,1.0,19,100,2.74
0.1,0.9,0.5,21,50,2.4
0.1,2.9,2.5,17,100,3.49
1.0,2.6,0.5,21,100,1.67
0.5,2.8,0.5,17,50,2.4
1.0,0.7,0.5,17,50,1.47
0.5,2.4,1.5,19,100,2.79
1.0,2.0,0.5,19,50,1.59
0.1,3.0,1.5,19,50,4.38
0.0,0.5,0.5,19,50,2.34
0.1,2.4,0.5,21,50,3.12
1.0,2.2,1.0,21,150,1.75
0.5,2.8,1.5,17,100,2.83
0.5,2.7,1.5,17,200,1.94
0.1,3.0,2.0,21,50,4.64
0.5,2.7,0.5,17,50,2.4
0.0,2.5,0.5,17,200,2.01
1.0,2.6,2.0,17,150,1.92
0.5,2.3,1.0,17,100,2.24
0.0,1.7,1.5,21,50,3.98
0.0,2.6,0.5,21,200,2.34
0.5,2.3,2.0,19,50,3.57
0.5,1.0,1.0,17,100,1.81
0.0,2.6,1.5,17,100,3.19
0.1,2.8,2.5,21,200,2.88
0.1,2.5,2.0,21,150,2.69
0.1,2.1,1.5,19,200,1.85
0.0,3.0,2.5,17,200,2.66
0.0,1.8,0.5,21,50,2.88
0.5,2.5,1.5,17,150,1.88
1.0,3.0,2.0,17,50,2.83
0.0,2.9,2.5,19,150,3.68
0.5,1.1,1.0,17,200,1.2
0.0,1.6,1.0,17,100,2.47
0.0,1.9,1.5,19,150,2.47
0.0,2.1,2.0,17,150,2.28
0.0,0.8,0.5,21,100,1.54
1.0,2.0,1.0,17,200,1.47
1.0,0.6,0.5,19,100,1.18
0.1,3.0,2.0,19,100,3.81
0.5,2.1,1.5,19,100,2.7
1.0,0.8,0.5,17,100,1.19
1.0,1.9,0.5,17,150,1.49
0.1,2.3,0.5,19,150,1.93
1.0,1.6,0.5,19,200,1.23
0.0,3.0,1.0,21,150,2.99
0.0,1.7,1.0,17,150,2.2
0.1,2.9,0.5,19,150,2.32
0.5,2.9,1.5,21,50,3.49
0.0,2.3,2.0,21,200,2.52
0.5,2.6,0.5,17,100,1.94
0.5,2.8,2.0,19,200,2.18
0.1,1.3,1.0,21,50,3.22
0.0,2.1,1.0,17,100,2.63
0.0,1.0,0.5,21,50,2.6
0.1,1.4,1.0,21,200,1.59
0.0,0.8,0.5,17,50,2.54
0.0,2.5,2.5,17,50,5.06
0.1,2.6,2.5,21,100,3.87
0.0,2.4,2.0,19,100,3.74
0.0,1.0,0.5,17,50,2.68
0.1,3.0,1.0,17,200,2.1
0.0,2.3,1.0,21,200,2.32
0.5,1.9,1.0,21,50,2.52
0.0,2.5,2.0,17,150,2.49
0.1,2.8,0.5,17,100,2.16
0.5,1.4,1.0,21,50,2.39
0.0,0.7,0.5,17,200,1.24
1.0,2.7,0.5,17,50,1.49
0.1,2.4,1.0,17,150,1.94
1.0,1.2,0.5,19,50,1.49
0.5,1.5,1.5,21,200,1.57
0.5,0.8,0.5,21,50,2.19
0.5,1.5,1.0,21,100,2.17
0.1,1.1,0.5,19,200,1.35
0.1,1.0,0.5,21,50,2.42
1.0,2.6,1.0,21,50,1.77
1.0,1.7,1.5,21,200,1.47
0.5,2.6,2.0,21,100,3.37
1.0,2.7,2.5,17,150,2.23
1.0,1.5,0.5,19,150,1.36
0.5,2.6,2.0,17,50,3.37
1.0,1.4,1.0,17,100,1.64
0.5,2.6,1.0,19,100,2.62
0.5,2.3,1.5,17,50,2.83
0.1,0.6,0.5,21,150,1.35
0.1,3.0,0.5,19,50,3.46
0.5,2.4,0.5,21,150,1.94
0.1,2.6,0.5,19,200,1.95
1.0,2.9,1.0,19,100,2.39
0.5,2.9,2.0,19,150,2.49
0.5,0.7,0.5,21,100,1.22
0.0,3.0,1.5,19,200,2.57
1.0,2.8,1.5,19,200,1.75
0.1,2.1,1.5,19,150,2.27
0.0,1.4,1.0,17,100,2.41
0.5,1.9,1.0,19,50,3.32
1.0,1.0,0.5,17,50,1.47
0.1,1.7,1.5,17,150,1.71
1.0,1.7,0.5,17,200,1.19
0.0,2.9,2.0,17,150,2.68
0.0,2.3,2.0,17,50,4.51
1.0,2.1,2.0,21,50,2.52
0.5,2.9,2.0,17,100,3.11
0.5,1.6,1.0,17,200,1.46
0.0,2.4,1.5,19,150,2.75
0.0,2.9,1.0,17,100,3.09
0.5,2.1,1.5,17,150,1.77
0.1,2.2,1.5,17,200,1.84
1.0,2.8,1.0,17,200,1.65
0.5,2.4,1.5,17,50,2.85
1.0,1.8,0.5,17,200,1.2
1.0,2.9,2.5,17,50,3.37
0.5,2.6,2.5,17,100,2.88
0.0,0.9,0.5,19,150,1.51
0.1,2.2,1.5,21,50,3.75
1.0,2.6,1.5,19,150,2.04
1.0,1.1,0.5,17,50,1.47
1.0,2.7,1.5,17,200,1.65
1.0,2.8,0.5,17,150,1.68
0.1,1.9,0.5,21,150,1.88
0.5,1.5,0.5,19,150,1.53
1.0,0.5,0.5,19,200,1.09
0.0,2.2,1.0,21,200,2.29
0.1,3.0,1.0,21,50,3.82
0.1,2.3,2.0,17,50,4.03
0.1,2.7,2.0,17,50,4.5
0.0,0.7,0.5,21,200,1.25
0.1,2.3,1.5,19,50,4.05
0.5,1.0,1.0,21,150,1.46
1.0,2.7,2.0,17,100,2.54
0.5,3.0,2.0,21,100,3.58
0.0,2.8,1.0,19,50,4.568
0.5,2.9,1.0,17,150,2.04
0.0,1.1,1.0,17,50,3.29
0.0,3.0,2.0,19,100,4.1
0.0,2.9,1.0,19,150,2.88
0.0,1.0,0.5,21,100,1.59
0.0,2.3,1.5,17,50,4.08
0.0,2.9,2.5,19,200,2.91
0.0,3.0,1.5,17,200,2.46
0.5,3.0,1.0,21,150,2.43
1.0,1.9,1.5,19,100,2.27
0.1,2.7,2.5,17,200,2.32
1.0,0.9,0.5,19,150,1.2
0.0,2.1,2.0,19,200,2.22
0.5,2.3,1.5,17,100,2.53
0.1,0.5,0.5,19,50,2.25
0.1,1.4,0.5,17,100,1.5
0.0,2.1,0.5,19,50,3.22
0.0,1.5,1.5,17,50,3.49
0.0,1.0,1.0,17,100,2.28
0.5,2.8,2.5,19,100,3.65
0.1,2.3,1.0,17,100,2.41
0.5,3.0,1.0,19,50,3.69
0.5,2.6,0.5,19,50,2.41
0.1,2.9,0.5,17,150,2.16
1.0,0.6,0.5,17,150,1.17
0.5,2.4,1.5,19,50,3.16
0.5,2.5,1.0,21,200,1.98
0.1,2.7,2.5,21,150,3.22
0.1,3.0,2.0,21,100,3.87
0.1,2.9,1.5,17,100,3.06
0.5,1.6,1.5,17,50,2.54
1.0,1.7,0.5,17,50,1.48
1.0,2.2,2.0,19,200,1.63
0.0,2.7,1.0,19,150,2.78
0.5,2.4,1.0,19,50,3.48
0.5,2.0,1.5,21,100,2.61
0.1,2.5,2.0,19,100,3.57
0.5,2.6,0.5,21,50,2.48
1.0,1.8,1.5,19,100,2.21
0.0,2.7,1.0,19,200,2.43
0.1,1.7,1.5,19,150,2.04
1.0,1.3,1.0,17,100,1.58
1.0,2.4,2.0,17,150,1.8
0.0,2.8,1.5,17,50,4.54
1.0,3.0,2.0,19,200,1.92
0.0,1.5,1.0,21,50,3.76
0.0,1.7,0.5,17,100,1.82
0.0,1.0,1.0,21,50,3.58
0.1,1.5,1.5,21,200,1.73
0.0,2.4,1.0,17,200,2.08
0.1,2.3,1.0,21,100,2.5
0.0,2.3,1.0,19,50,4.102
0.0,2.4,0.5,21,200,2.18
0.5,2.0,0.5,17,50,2.35
0.5,2.5,2.5,17,50,3.56
1.0,2.0,2.0,17,50,2.12
0.0,2.4,1.0,21,100,2.83
0.5,2.9,2.5,17,150,2.57
1.0,2.6,2.0,19,150,2.18
0.0,2.6,1.0,17,50,4.1
0.5,1.8,0.5,17,200,1.47
0.0,2.8,1.0,17,150,2.53
0.1,1.7,1.0,19,150,1.74
0.5,2.5,0.5,17,150,1.91
0.5,1.7,1.0,21,50,2.47
0.0,2.5,2.0,17,50,4.73
0.1,1.9,1.0,21,200,1.81
0.5,1.6,1.0,21,200,1.61
1.0,2.9,2.0,17,100,2.62
0.5,2.8,2.0,17,200,2.09
0.0,2.5,1.5,17,100,3.08
0.0,2.7,2.5,21,100,4.56
0.5,2.5,0.5,17,200,1.62
0.5,1.6,1.5,17,150,1.63
0.0,2.2,1.0,21,100,2.72
0.0,2.9,1.5,19,150,2.93
0.1,2.7,1.5,17,50,4.11
1.0,1.7,1.0,17,50,1.43
0.0,1.0,0.5,17,150,1.49
0.0,1.3,0.5,17,200,1.46
0.1,1.9,1.5,19,50,3.79
0.5,2.2,0.5,17,100,1.81
0.0,3.0,1.0,19,100,3.31
0.5,0.7,0.5,19,200,1.15
1.0,1.0,1.0,17,50,1.26
0.1,2.9,2.5,19,50,5.76
0.5,2.9,1.0,21,200,2.17
0.5,2.2,2.0,17,150,1.96
0.1,1.7,1.5,19,50,3.51
1.0,2.1,1.5,21,200,1.57
0.5,2.2,2.0,21,150,2.28
1.0,2.6,1.0,21,150,1.84
0.5,2.7,2.0,17,150,2.16
0.0,1.8,1.0,19,100,2.63
0.5,2.6,1.0,17,150,1.91
0.0,2.2,0.5,19,200,2.02
1.0,2.5,0.5,17,50,1.49
1.0,1.1,0.5,17,150,1.24
1.0,2.6,2.0,21,100,2.79
1.0,2.1,2.0,19,200,1.58
0.5,1.6,1.5,19,150,1.81
0.1,1.3,0.5,21,200,1.41
0.0,2.6,1.0,21,100,2.92
0.0,2.5,2.0,19,50,5.01
0.0,2.6,2.5,17,150,2.77
1.0,1.6,1.5,19,100,2.12
0.5,2.1,2.0,17,50,3.15
0.0,1.1,1.0,17,200,1.29
0.0,1.8,1.5,21,100,2.88
0.5,1.0,0.5,17,200,1.2
0.0,2.1,1.0,19,100,2.76
0.0,1.7,1.0,21,50,3.84
0.0,1.4,0.5,17,200,1.52
0.5,2.5,1.0,17,200,1.85
0.1,2.2,1.5,19,200,1.89
0.5,3.0,1.5,17,150,2.08
0.5,0.6,0.5,17,150,1.16
1.0,2.0,2.0,19,100,2.6
1.0,3.0,2.5,19,50,3.96
1.0,3.0,1.5,19,200,1.84
0.0,1.6,1.5,19,100,2.84
0.1,1.3,1.0,19,150,1.62
0.0,2.7,2.5,21,50,5.41
1.0,2.1,0.5,17,150,1.52
1.0,2.7,1.5,19,100,2.61
0.5,1.6,1.5,17,100,2.17
0.1,2.9,1.5,21,200,2.4
1.0,3.0,1.5,17,200,1.84
0.1,1.6,1.5,17,150,1.68
0.0,0.7,0.5,17,100,1.46
1.0,2.8,1.0,17,150,1.8
0.5,0.9,0.5,21,150,1.37
0.1,2.5,0.5,19,150,2.03
0.5,2.3,0.5,21,200,1.61
0.1,2.1,1.5,21,200,1.98
0.1,2.5,2.0,21,50,4.32
0.5,2.0,1.0,21,150,1.86
0.5,0.5,0.5,17,100,1.15
0.0,2.6,2.5,19,100,4.38
0.0,2.1,1.0,19,150,2.28
1.0,1.4,1.0,19,100,2.03
0.0,0.9,0.5,19,100,1.56
0.0,2.1,2.0,19,50,4.36
1.0,2.3,1.5,17,150,1.71
0.5,2.9,2.0,17,150,2.28
0.1,1.7,1.0,21,50,3.34
1.0,2.7,1.5,21,100,2.54
0.0,1.6,1.5,21,50,3.94
1.0,2.4,1.5,19,200,1.61
0.5,2.5,2.5,21,200,2.48
0.1,2.4,1.0,17,200,1.84
0.0,3.0,1.5,17,50,4.64
0.0,2.0,1.5,21,150,2.61
1.0,2.6,2.5,19,200,2.21
1.0,1.9,1.0,17,200,1.43
0.1,3.0,1.5,17,200,2.24
0.0,2.0,2.0,17,150,2.22
0.5,1.7,1.0,17,200,1.51
0.0,2.1,1.5,19,50,4.2
0.1,2.1,2.0,21,150,2.43
1.0,2.7,0.5,19,200,1.53
1.0,2.9,2.0,21,100,2.96
1.0,1.9,1.0,19,100,2.16
1.0,2.5,2.0,19,150,2.13
0.5,2.8,2.0,21,200,2.32
0.0,1.4,0.5,17,50,2.84
0.5,2.2,0.5,19,200,1.55
0.5,2.9,0.5,17,50,2.44
0.1,2.9,2.5,21,150,3.42
0.0,2.5,2.0,21,50,4.82
0.0,2.0,0.5,17,200,1.8
1.0,1.8,1.5,17,50,1.47
0.1,2.2,0.5,21,50,2.96
0.0,2.6,2.0,19,50,5.14
0.1,2.9,1.5,19,200,2.25
1.0,2.7,2.5,17,50,3.05
0.0,2.8,1.0,21,200,2.52
1.0,1.0,1.0,21,50,1.3
1.0,2.9,2.5,17,200,2.14
0.5,1.2,1.0,19,200,1.37
0.5,2.0,1.0,17,100,2.18
1.0,2.6,0.5,17,150,1.63
0.1,2.9,0.5,17,200,2.15
1.0,3.0,1.0,17,100,2.16
0.5,2.6,2.0,19,200,2.07
0.5,1.0,1.0,17,50,2.2
0.0,2.4,0.5,21,100,2.27
0.0,2.4,1.0,17,50,3.99
0.0,2.5,2.0,21,150,2.89
0.5,2.7,1.5,21,150,2.29
0.0,2.7,1.5,19,150,2.86
0.5,3.0,0.5,21,150,2.3
1.0,0.6,0.5,19,50,1.48
0.5,0.8,0.5,21,150,1.3
0.1,1.6,0.5,19,100,1.59
0.1,3.0,0.5,17,150,2.2
0.1,2.8,2.0,17,50,4.6
0.0,2.0,1.5,19,50,4.05
0.0,1.1,1.0,21,50,3.62
1.0,2.7,1.5,17,100,2.37
0.0,2.1,1.0,19,50,3.961
0.1,1.2,0.5,17,50,2.59
0.5,1.5,1.0,21,200,1.55
0.5,2.0,2.0,21,150,2.12
0.1,3.0,2.0,19,50,4.97
0.1,2.6,2.5,17,50,4.46
1.0,2.6,1.5,17,100,2.31
0.0,2.7,2.0,19,100,3.85
1.0,1.2,1.0,19,100,1.98
0.1,2.0,1.0,19,100,2.46
1.0,2.3,2.0,19,100,2.69
0.1,1.3,1.0,19,200,1.52
0.1,2.4,1.5,17,200,1.92
0.5,1.9,0.5,17,150,1.69
0.1,1.9,1.0,19,200,1.79
1.0,2.3,0.5,21,100,1.59
0.1,1.8,1.5,17,200,1.68
0.1,2.4,0.5,21,100,2.04
0.1,2.0,1.5,17,200,1.77
1.0,2.0,0.5,21,50,1.59
1.0,2.1,1.0,21,50,1.6
1.0,2.1,1.5,17,50,1.66
0.0,3.0,2.5,17,50,6.03
0.1,2.0,1.5,17,150,1.85
0.0,1.9,0.5,21,150,2.06
0.1,1.7,0.5,21,200,1.66
0.5,2.8,1.5,17,200,1.96
0.5,3.0,2.5,21,100,3.81
1.0,2.6,2.5,19,100,3.0
0.5,3.0,0.5,17,150,2.1
0.0,2.1,1.5,17,100,2.8
0.1,2.5,0.5,17,150,1.98
0.0,2.1,1.5,21,200,2.24
0.0,1.6,1.5,21,200,1.88
0.0,2.8,0.5,21,150,2.57
0.1,1.6,0.5,19,200,1.61
0.1,1.9,0.5,17,200,1.68
0.0,2.9,0.5,19,150,2.58
1.0,1.5,1.0,21,200,1.36
0.5,2.6,2.5,19,100,3.63
0.5,2.7,2.5,17,50,3.9
0.5,1.8,1.0,19,150,1.78
0.5,2.2,1.0,17,50,2.55
0.1,2.9,0.5,19,100,2.28
0.0,1.9,0.5,21,200,1.87
0.0,1.2,1.0,21,150,1.83
1.0,2.1,1.5,21,150,1.75
0.5,2.7,1.0,19,200,2.01
0.1,0.8,0.5,21,100,1.4
1.0,1.1,0.5,19,100,1.26
1.0,2.1,2.0,19,50,2.37
1.0,1.0,0.5,19,50,1.48
0.0,1.7,0.5,21,50,2.8
0.0,1.7,0.5,17,150,1.8
0.0,2.2,1.0,17,50,3.88
1.0,3.0,1.5,21,100,2.73
0.0,3.0,2.0,21,50,5.43
0.0,1.5,0.5,17,100,1.74
1.0,2.1,0.5,21,200,1.4
0.1,1.0,0.5,17,200,1.3
1.0,2.7,1.0,17,50,1.68
1.0,2.8,1.5,21,50,2.35
1.0,1.7,1.5,21,50,1.81
0.1,2.4,2.0,21,150,2.62
0.1,1.9,1.0,17,150,1.85
0.1,2.8,1.0,19,50,4.12
0.0,2.4,1.5,17,150,2.27
0.0,1.4,1.0,19,150,1.83
0.1,0.5,0.5,21,100,1.3
0.0,2.4,0.5,19,150,2.36
1.0,2.3,1.0,17,200,1.54
0.1,2.1,0.5,21,200,1.79
0.1,1.2,1.0,19,100,2.29
0.1,3.0,2.5,19,150,3.47
0.5,2.3,2.0,19,100,3.11
1.0,2.1,1.0,19,200,1.56
0.5,2.7,2.5,17,100,3.07
0.1,2.5,0.5,19,200,1.91
0.1,2.2,0.5,17,200,1.81
0.5,2.5,1.0,21,100,2.48
1.0,2.3,2.0,21,100,2.64
1.0,1.7,1.0,17,100,1.71
0.1,2.4,1.5,19,100,2.95
0.5,2.5,1.5,17,200,1.89
1.0,1.7,0.5,19,50,1.59
0.1,2.7,2.5,21,50,5.07
0.1,2.8,2.5,17,150,2.68
0.1,2.7,0.5,19,200,1.99
1.0,0.5,0.5,17,100,1.18
0.5,2.7,1.5,19,200,1.99
0.0,3.0,2.0,21,200,2.87
1.0,2.4,1.0,17,150,1.66
0.5,2.6,2.5,21,50,4.34
0.0,1.4,1.0,21,100,2.41
0.5,2.2,2.0,21,100,3.07
0.0,2.5,2.5,17,150,2.76
0.0,1.7,0.5,21,100,1.84
1.0,2.5,2.0,21,200,1.81
0.1,2.0,1.0,17,150,1.85
1.0,1.0,0.5,19,100,1.21
0.5,2.9,1.0,19,150,2.3
1.0,2.7,0.5,17,100,1.67
0.1,1.4,0.5,17,200,1.45
0.1,3.0,0.5,17,100,2.25
0.5,2.7,2.5,17,150,2.48
0.1,2.7,0.5,17,100,2.1
0.5,2.4,1.5,21,50,3.24
0.1,1.5,1.5,17,150,1.65
0.1,2.0,1.5,19,150,2.21
1.0,2.6,1.5,17,50,1.87
1.0,1.9,1.0,17,100,1.78
1.0,2.4,1.5,17,150,1.75
1.0,1.7,1.0,17,200,1.36
1.0,2.5,0.5,17,200,1.39
0.0,0.9,0.5,21,200,1.39
0.0,2.0,2.0,17,100,2.91
1.0,0.7,0.5,21,200,1.12
0.0,1.8,1.5,21,150,2.45
0.5,3.0,1.5,21,150,2.41
0.0,2.8,2.5,21,50,5.46
1.0,2.0,1.0,21,100,2.1
0.5,2.7,0.5,19,200,1.69
0.0,2.9,0.5,17,200,2.31
0.0,2.6,2.5,17,50,5.15
0.5,1.7,0.5,19,200,1.43
0.0,2.6,2.5,19,50,6.17
1.0,1.6,1.5,19,50,1.678
0.5,2.1,2.0,17,200,1.71
1.0,1.8,1.5,17,150,1.5
1.0,2.7,1.5,21,50,2.3
0.0,2.7,2.5,19,50,6.28
0.1,1.0,0.5,19,100,1.41
1.0,2.4,2.0,17,200,1.59
0.1,2.0,2.0,21,200,2.14
0.0,1.9,1.0,19,200,2.0
0.5,1.3,1.0,17,150,1.63
0.1,2.1,0.5,19,50,2.92
0.1,2.9,1.5,21,150,2.69
0.0,2.9,2.0,21,150,3.17
1.0,1.5,1.0,19,100,2.07
1.0,2.7,1.0,21,150,1.87
0.5,1.1,0.5,19,100,1.35
0.1,1.2,1.0,19,200,1.48
0.0,2.0,1.0,17,50,3.72
0.5,2.7,2.0,21,100,3.44
1.0,2.7,0.5,19,50,1.64
0.5,2.0,2.0,17,150,1.83
1.0,2.5,1.5,19,100,2.52
0.1,2.2,0.5,17,50,2.91
0.1,1.9,1.5,19,200,1.78
0.1,0.7,0.5,17,150,1.24
0.5,2.3,2.0,21,150,2.36
0.5,3.0,2.5,17,200,2.35
1.0,1.2,0.5,17,100,1.29
0.5,2.9,0.5,19,200,1.79
0.1,2.0,1.5,21,200,1.93
0.0,1.9,1.0,21,50,3.9
0.5,1.3,0.5,21,200,1.32
1.0,1.2,1.0,17,150,1.47
0.0,1.3,0.5,21,100,1.69
0.0,1.7,0.5,19,100,1.83
1.0,1.0,1.0,17,200,1.14
0.1,2.7,2.5,19,150,3.28
0.1,1.7,1.5,21,50,3.31
0.0,3.0,0.5,21,150,2.68
0.0,2.4,1.5,19,200,2.26
0.0,1.8,1.0,17,100,2.52
0.0,2.2,0.5,19,100,2.12
1.0,1.3,1.0,17,150,1.49
0.1,3.0,0.5,21,50,3.49
1.0,2.5,1.5,17,100,2.25
0.5,1.7,0.5,21,100,1.61
1.0,2.8,2.5,21,150,2.68
0.0,1.4,0.5,17,100,1.68
1.0,2.1,0.5,17,50,1.48
1.0,2.2,1.5,21,150,1.79
0.5,0.7,0.5,17,150,1.22
0.0,1.7,1.0,21,100,2.54
0.5,2.3,2.0,19,200,1.88
0.1,1.4,1.0,21,50,3.24
0.0,1.6,0.5,17,50,2.86
0.5,2.8,1.0,19,150,2.28
0.0,2.8,1.0,17,200,2.32
0.1,1.0,1.0,17,100,2.05
0.1,2.8,2.0,17,150,2.47
0.1,0.5,0.5,19,150,1.28
1.0,2.4,2.0,21,50,2.73
1.0,3.0,1.5,21,50,2.41
0.5,2.3,0.5,21,150,1.89
1.0,2.5,2.0,21,150,2.12
0.1,1.6,1.5,19,200,1.57
0.5,1.1,1.0,19,150,1.49
0.5,2.2,0.5,21,150,1.84
1.0,2.8,2.0,21,100,2.91
0.1,1.2,0.5,21,100,1.52
0.0,1.9,1.5,21,150,2.56
0.5,1.5,1.5,17,200,1.46
0.0,2.0,0.5,21,200,1.91
0.0,2.1,0.5,19,150,2.2
0.5,2.2,2.0,19,50,3.46
0.1,2.7,0.5,21,150,2.38
0.0,2.0,0.5,19,50,3.18
0.5,2.3,1.0,21,200,1.88
1.0,1.5,1.5,17,150,1.37
0.0,1.9,1.0,19,150,2.13
0.1,2.5,2.0,19,50,4.65
0.1,2.3,1.5,17,50,3.84
0.5,2.1,0.5,21,200,1.57
1.0,2.6,2.5,21,50,3.37
1.0,2.6,2.0,21,50,2.96
0.5,1.4,0.5,21,200,1.35
1.0,0.8,0.5,19,100,1.19
1.0,2.0,2.0,21,200,1.67
0.1,2.6,0.5,21,150,2.32
0.5,1.4,0.5,21,50,2.32
0.1,3.0,0.5,21,150,2.52
0.5,2.7,2.0,17,100,2.91
0.0,2.0,1.0,19,50,3.932
1.0,1.8,1.5,21,100,1.99
0.1,1.6,1.0,19,50,3.71
0.1,1.9,1.0,21,50,3.42
0.0,2.7,2.0,19,150,2.94
0.5,2.5,2.0,19,100,3.26
0.5,3.0,2.5,19,150,2.92
0.5,2.5,1.0,19,200,1.94
0.5,3.0,0.5,19,50,2.58
1.0,3.0,2.5,17,50,3.37
0.1,1.1,1.0,17,200,1.24
1.0,2.0,2.0,19,150,1.83
1.0,2.4,0.5,17,150,1.59
0.0,2.8,2.5,21,200,2.97
0.1,1.8,0.5,21,150,1.85
0.5,2.9,1.5,17,150,2.02
0.1,1.6,1.5,17,50,3.28
1.0,2.9,2.5,17,150,2.4
0.1,2.0,1.5,17,100,2.54
1.0,2.2,1.5,19,150,1.85
0.5,2.9,0.5,21,150,2.24
1.0,2.1,1.0,21,100,2.12
0.1,2.0,1.0,17,50,3.43
0.1,3.0,2.5,21,50,5.23
0.0,3.0,2.0,17,100,3.74
1.0,1.1,1.0,17,200,1.16
1.0,2.4,1.0,21,50,1.67
1.0,1.2,1.0,17,50,1.32
0.5,2.1,1.0,21,200,1.81
0.0,2.5,0.5,19,200,2.23
0.1,1.4,1.0,19,150,1.64
0.0,2.0,2.0,21,50,4.3
0.1,1.7,0.5,17,200,1.56
0.0,2.1,0.5,21,200,1.98
0.0,1.2,0.5,19,150,1.64
0.0,3.0,2.5,19,150,3.71
0.1,2.6,0.5,17,150,2.02
0.1,3.0,2.5,17,100,3.52
0.5,1.7,1.5,21,200,1.69
0.0,1.6,1.0,19,150,1.92
0.0,3.0,2.0,19,200,2.61
1.0,2.2,0.5,19,100,1.56
0.1,2.1,2.0,21,50,3.96
0.1,2.0,1.5,17,50,3.61
0.5,1.6,0.5,17,50,2.36
0.1,1.4,1.0,17,150,1.72
0.5,2.2,1.0,21,200,1.84
1.0,2.8,2.0,21,50,3.11
0.0,2.0,1.0,17,100,2.61
0.0,2.5,0.5,21,100,2.35
1.0,1.6,0.5,21,50,1.5
0.5,2.2,1.5,17,50,2.77
0.1,2.5,1.0,17,100,2.48
0.1,1.8,1.5,21,150,2.19
0.0,1.4,1.0,21,150,1.91
0.0,2.3,1.0,17,100,2.73
0.0,2.1,0.5,21,50,3.1
1.0,1.8,1.5,19,200,1.47
1.0,3.0,2.5,19,150,2.72
1.0,2.3,2.0,21,150,2.01
0.0,2.6,2.5,19,200,2.78
0.0,1.7,1.5,19,50,3.86
0.0,1.2,1.0,17,200,1.32
0.5,2.0,2.0,21,100,2.85
1.0,2.8,0.5,17,100,1.69
0.5,2.7,2.0,21,200,2.26
1.0,1.8,1.0,17,50,1.44
0.0,3.0,1.0,17,50,4.23
1.0,1.4,1.0,21,50,1.38
0.1,1.5,1.0,17,50,3.22
0.0,2.7,2.5,21,150,3.55
0.0,2.1,1.5,21,100,2.98
0.1,2.4,0.5,17,200,1.89
0.1,1.1,0.5,17,150,1.36
0.0,0.9,0.5,17,50,2.66
1.0,1.6,0.5,17,150,1.39
0.1,2.6,2.5,19,200,2.58
1.0,0.9,0.5,17,200,1.09
0.5,2.8,2.0,19,50,3.84
1.0,0.5,0.5,17,150,1.16
1.0,2.6,2.5,21,100,3.05
0.5,1.6,0.5,19,200,1.4
1.0,1.5,0.5,17,150,1.36
0.1,2.1,1.0,17,100,2.37
0.0,2.1,1.0,21,150,2.41
0.0,2.5,1.0,21,50,4.13
0.1,1.9,1.0,21,100,2.39
0.5,1.6,1.0,19,100,2.31
0.5,2.5,1.5,21,50,3.35
0.5,2.5,1.0,19,100,2.55
0.5,2.1,1.0,17,200,1.7
0.1,1.2,1.0,17,150,1.66
1.0,2.9,1.5,19,50,2.326
0.0,1.9,0.5,19,200,1.85
0.0,1.8,1.5,17,50,3.68
0.0,2.1,1.5,21,150,2.67
0.5,3.0,1.5,17,50,3.34
0.5,2.2,1.5,21,150,2.03
0.1,2.0,2.0,21,150,2.38
0.0,1.7,1.0,21,150,2.05
0.1,2.6,2.5,17,100,3.18
0.1,3.0,1.0,17,150,2.26
0.5,2.2,1.0,19,200,1.81
0.1,2.3,2.0,21,200,2.23
0.1,1.6,0.5,17,50,2.63
0.5,2.9,1.5,21,100,3.05
0.0,3.0,2.5,19,50,6.62
0.5,3.0,2.5,19,200,2.57
0.5,1.6,1.5,19,100,2.54
0.0,2.4,0.5,17,50,3.32
0.0,2.8,1.0,21,50,4.46
0.0,1.9,1.0,17,50,3.62
1.0,2.7,2.0,17,50,2.59
1.0,2.7,0.5,21,100,1.69
0.5,2.6,2.5,21,200,2.51
0.0,2.8,1.0,19,150,2.85
0.5,2.3,1.5,19,150,2.07
0.0,2.4,1.0,21,200,2.38
0.1,0.6,0.5,21,200,1.19
0.1,1.8,1.5,21,200,1.84
0.0,2.5,1.5,19,150,2.78
0.5,1.1,0.5,21,200,1.28
0.1,3.0,0.5,21,100,2.42
1.0,2.2,2.0,21,150,1.94
1.0,2.7,2.0,17,150,1.98
1.0,1.5,1.5,19,50,1.589
0.0,1.0,0.5,17,200,1.3
1.0,2.3,1.5,17,200,1.55
0.0,2.1,2.0,21,100,3.6
0.1,1.7,1.5,19,100,2.76
0.5,2.5,1.5,19,200,1.92
0.0,2.5,2.5,17,100,3.32
1.0,1.7,1.5,17,100,1.89
0.1,1.1,0.5,21,100,1.48
1.0,2.6,0.5,17,50,1.49
1.0,3.0,2.5,19,100,3.47
0.0,2.2,2.0,19,200,2.25
0.5,1.8,0.5,21,150,1.7
1.0,3.0,2.5,21,100,3.48
0.1,2.3,2.0,19,50,4.34
0.0,1.4,0.5,19,200,1.67
1.0,2.4,2.0,21,150,2.08
0.1,2.9,2.5,21,100,4.16
0.1,2.4,1.5,21,150,2.48
0.5,2.2,2.0,17,100,2.54
0.0,1.5,1.5,17,100,2.52
1.0,1.5,1.5,19,100,2.04
1.0,1.6,1.5,21,200,1.44
0.5,1.1,0.5,17,100,1.29
1.0,2.0,0.5,17,100,1.53
0.1,2.5,0.5,17,50,3.16
1.0,2.8,1.0,21,200,1.8
0.0,1.4,1.0,17,150,2.06
0.1,2.4,0.5,17,150,1.94
0.1,1.6,1.0,17,50,3.26
0.0,2.7,1.5,21,50,4.63
1.0,1.9,1.5,19,200,1.49
0.0,3.0,1.0,19,200,2.57
0.0,2.5,0.5,17,150,2.35
0.0,2.9,1.5,17,200,2.42
0.5,2.1,2.0,19,200,1.73
1.0,1.5,1.0,21,50,1.4
0.1,2.5,0.5,17,100,2.01
1.0,1.4,0.5,21,100,1.34
1.0,0.6,0.5,21,150,1.19
0.5,1.0,0.5,21,50,2.25
0.1,1.3,1.0,17,100,2.15
0.5,2.8,1.0,19,200,2.09
0.5,2.9,1.0,17,200,1.96
0.1,2.7,1.0,17,200,1.96
1.0,2.7,1.0,19,50,1.74
0.0,2.1,0.5,17,50,3.16
1.0,0.5,0.5,17,200,1.07
1.0,1.9,1.5,21,200,1.52
0.0,2.3,2.0,19,150,2.71
0.0,2.3,0.5,21,50,3.36
1.0,1.9,0.5,19,200,1.32
1.0,1.1,1.0,17,150,1.46
1.0,2.5,1.5,19,200,1.64
0.1,2.1,2.0,19,150,2.43
0.0,3.0,2.5,21,200,3.18
1.0,3.0,1.0,17,50,1.75
0.5,1.6,0.5,19,100,1.58
0.0,2.8,2.5,21,100,4.63
1.0,2.5,2.0,19,100,2.79
0.0,2.2,2.0,17,150,2.33
0.5,2.5,2.5,17,100,2.74
1.0,2.5,2.5,19,100,2.9
0.1,2.3,1.0,21,150,2.42
0.5,1.0,0.5,19,200,1.21
1.0,1.1,1.0,21,200,1.23
1.0,2.7,2.5,19,150,2.62
0.5,2.1,1.0,19,50,3.41
0.5,1.0,0.5,17,150,1.29
0.1,1.8,0.5,21,100,1.76
0.5,2.8,2.5,21,150,2.99
0.1,1.0,0.5,17,100,1.3
0.0,2.6,2.0,19,100,3.86
0.0,2.5,2.5,21,200,2.89
1.0,1.5,1.5,21,200,1.4
0.5,2.0,0.5,21,150,1.77
1.0,1.3,0.5,21,150,1.31
0.0,3.0,2.5,19,200,2.98
1.0,1.8,1.0,21,50,1.5
0.1,2.3,0.5,17,200,1.85
0.1,2.2,1.0,17,150,1.9
0.1,2.3,1.5,19,100,2.92
1.0,1.0,1.0,19,200,1.19
0.1,1.2,0.5,19,200,1.38
1.0,2.9,1.5,21,200,1.92
0.1,2.5,0.5,19,50,3.17
1.0,2.5,2.0,21,100,2.73
0.5,1.6,1.5,21,200,1.61
0.1,0.8,0.5,21,50,2.38
0.0,0.5,0.5,17,150,1.32
0.1,2.9,0.5,21,100,2.36
0.0,2.7,2.5,21,200,2.93
1.0,1.8,1.0,19,50,1.5
0.5,2.6,2.0,21,200,2.23
1.0,1.5,1.5,21,150,1.53
0.0,2.8,2.5,21,150,3.7
0.1,3.0,2.5,21,200,3.04
1.0,0.6,0.5,17,100,1.18
0.1,2.8,1.0,21,200,2.27
0.5,2.4,1.0,17,200,1.81
0.0,2.3,0.5,17,100,2.18
1.0,2.4,0.5,21,100,1.61
0.5,2.8,2.5,19,200,2.44
1.0,2.0,2.0,17,200,1.45
1.0,2.3,0.5,19,100,1.59
0.0,1.8,0.5,17,200,1.73
0.0,2.8,0.5,17,100,2.52
0.1,1.0,0.5,19,150,1.4
0.1,0.8,0.5,19,150,1.3
0.1,1.6,1.5,21,50,3.27
0.0,1.0,1.0,19,200,1.43
0.0,2.4,2.0,19,200,2.33
0.1,2.1,0.5,21,100,1.88
1.0,2.8,2.0,17,200,1.74
0.5,2.6,0.5,17,150,1.93
0.5,2.3,1.0,17,200,1.77
0.0,0.8,0.5,19,100,1.52
0.1,1.8,1.0,17,150,1.8
0.5,2.0,0.5,19,50,2.35
0.5,2.0,2.0,21,200,1.86
0.1,0.7,0.5,21,100,1.37
1.0,1.8,1.5,17,200,1.43
1.0,3.0,2.0,21,50,3.23
0.5,2.4,1.5,17,100,2.58
1.0,2.7,0.5,17,150,1.65
1.0,2.4,1.0,21,100,2.19
1.0,2.5,2.0,17,150,1.87
0.0,2.0,1.5,19,100,2.97
0.5,2.9,1.5,19,50,3.4
0.1,1.5,1.5,19,50,3.21
1.0,2.1,2.0,17,50,2.15
0.5,1.7,1.5,17,100,2.21
0.0,0.5,0.5,21,200,1.19
1.0,1.8,1.5,21,150,1.64
0.0,2.0,2.0,19,200,2.18
0.5,3.0,2.0,19,100,3.54
1.0,3.0,0.5,21,50,1.66
0.1,1.1,1.0,21,150,1.51
0.0,2.7,0.5,17,200,2.18
0.1,1.8,1.0,21,50,3.39
1.0,1.4,0.5,19,150,1.33
0.1,2.9,2.5,19,100,4.18
0.5,2.2,1.0,17,200,1.73
0.5,1.7,1.5,17,50,2.57
0.5,2.4,1.0,19,200,1.91
0.1,2.6,1.0,21,150,2.58
0.0,0.5,0.5,21,50,2.48
1.0,3.0,1.5,21,200,1.98
0.5,2.2,2.0,19,100,3.1
0.5,2.2,1.0,21,50,2.69
1.0,2.8,0.5,21,100,1.71
0.5,2.3,1.0,17,50,2.62
1.0,2.1,0.5,17,100,1.54
0.0,1.3,0.5,19,150,1.65
0.1,0.8,0.5,21,200,1.26
0.1,2.2,1.5,21,100,2.8
1.0,1.5,1.0,17,50,1.38
1.0,2.4,0.5,19,50,1.6
0.0,2.3,2.0,17,100,3.13
0.1,1.9,0.5,19,200,1.72
0.5,2.3,2.0,17,50,3.29
0.1,1.4,0.5,19,100,1.51
0.5,1.8,1.5,19,150,1.89
1.0,2.1,1.0,21,200,1.57
1.0,2.6,1.0,17,100,2.06
0.5,1.6,0.5,21,200,1.42
0.0,2.4,0.5,21,50,3.44
0.1,1.8,1.0,21,150,1.98
1.0,2.8,1.5,19,150,2.13
0.5,1.5,1.0,19,200,1.53
1.0,2.1,1.0,19,150,1.81
0.0,1.0,1.0,17,150,1.85
0.1,1.1,1.0,17,150,1.64
1.0,2.9,2.0,19,50,3.04
0.0,1.6,1.5,19,200,1.73
0.5,1.5,1.0,17,200,1.41
0.5,3.0,2.5,21,150,3.11
0.5,1.5,0.5,17,50,2.36
1.0,2.6,2.0,17,100,2.53
0.0,2.1,1.0,17,150,2.25
1.0,1.9,1.5,17,50,1.57
0.5,1.2,0.5,19,100,1.38
0.0,2.1,1.5,17,200,1.95
0.0,3.0,1.0,21,100,3.21
0.0,0.5,0.5,19,100,1.51
0.0,2.6,1.0,17,100,2.86
1.0,2.3,1.5,19,50,2.086
0.0,2.6,1.0,17,150,2.38
1.0,2.7,2.0,19,200,1.81
0.0,1.9,1.0,21,150,2.23
0.5,2.2,1.5,19,50,3.09
0.1,3.0,2.5,19,100,4.22
0.1,2.1,1.5,21,100,2.79
0.1,2.0,0.5,21,100,1.84
1.0,3.0,1.5,21,150,2.08
0.1,1.1,1.0,21,100,2.12
1.0,2.9,1.0,21,150,1.94
0.1,1.7,1.0,17,150,1.79
0.1,2.9,1.5,21,50,4.29
1.0,1.8,1.0,19,200,1.47
0.5,1.6,1.0,19,150,1.65
1.0,0.6,0.5,21,100,1.18
0.1,3.0,2.5,21,100,4.28
0.0,2.2,1.5,21,150,2.69
0.1,2.6,2.0,19,200,2.19
0.5,1.1,1.0,19,50,3.16
0.0,0.6,0.5,21,50,2.5
0.0,0.6,0.5,17,50,2.46
0.5,0.5,0.5,17,200,1.1
0.0,2.6,1.5,21,50,4.61
1.0,2.5,2.5,21,150,2.56
1.0,2.3,1.0,17,100,1.97
0.1,2.0,1.0,21,50,3.44
1.0,2.1,2.0,17,200,1.48
1.0,2.3,0.5,19,200,1.44
1.0,2.2,0.5,19,200,1.39
1.0,2.9,1.5,21,50,2.38
0.1,1.6,0.5,19,50,2.68
1.0,2.2,1.5,21,100,2.21
0.5,1.4,0.5,19,200,1.34
0.1,0.5,0.5,19,200,1.17
0.1,1.8,0.5,21,200,1.68
0.1,2.1,0.5,17,150,1.8
1.0,2.9,0.5,19,100,1.72
1.0,1.3,1.0,21,150,1.48
0.1,1.5,1.0,21,50,3.27
1.0,1.0,0.5,19,200,1.14
0.5,2.9,2.5,17,50,4.33
0.0,2.8,0.5,21,50,3.88
0.0,2.7,1.0,21,50,4.34
0.1,2.5,1.5,17,200,1.96
1.0,2.1,0.5,21,100,1.55
0.0,2.8,2.5,17,200,2.57
0.0,1.3,0.5,21,50,2.7
0.1,2.5,2.5,19,100,3.78
0.1,2.3,1.0,19,150,2.18
0.0,2.6,2.0,21,50,4.95
1.0,2.7,2.0,19,150,2.21
0.1,0.7,0.5,19,50,2.39
0.1,1.3,0.5,21,150,1.69
0.1,1.7,0.5,17,50,2.66
0.5,1.9,1.0,21,100,2.3
0.5,2.4,1.0,21,100,2.43
0.1,1.0,1.0,19,50,3.46
0.1,2.4,1.0,19,100,2.64
0.1,1.6,1.5,19,100,2.73
1.0,2.1,0.5,19,100,1.54
0.5,2.8,2.5,17,200,2.28
1.0,2.7,0.5,19,100,1.66
0.1,2.4,1.5,19,150,2.43
1.0,2.7,1.5,19,150,2.09
0.5,2.2,1.0,17,100,2.21
0.1,1.4,0.5,19,200,1.45
0.1,2.0,2.0,21,50,3.93
0.1,2.5,2.5,19,50,5.51
1.0,2.6,1.5,21,150,1.89
1.0,0.9,0.5,21,200,1.14
0.1,2.7,1.0,21,50,3.68
0.1,1.6,0.5,17,100,1.56
0.0,2.6,2.5,21,100,4.45
0.5,2.1,1.5,21,100,2.64
1.0,2.5,0.5,17,150,1.61
0.1,2.8,2.5,19,200,2.62
0.5,2.8,1.0,21,50,3.14
0.5,1.4,0.5,21,150,1.52
0.5,2.2,2.0,21,50,3.57
0.1,2.7,1.5,21,150,2.6
1.0,2.1,1.0,17,200,1.5
1.0,1.8,1.0,19,100,2.14
0.1,2.6,1.0,21,100,2.64
0.1,2.0,2.0,17,150,2.1
0.5,1.7,0.5,21,50,2.34
0.1,2.4,0.5,17,100,1.96
0.0,2.8,1.5,19,150,2.88
1.0,2.6,1.0,19,50,1.73
0.1,2.9,2.5,21,50,5.16
0.5,2.7,2.5,21,150,2.96
1.0,2.2,0.5,21,150,1.54
1.0,2.2,1.0,19,200,1.59
0.5,2.0,1.5,19,200,1.74
0.1,2.8,2.5,21,100,4.05
0.5,0.8,0.5,17,50,2.28
0.0,2.0,0.5,17,100,1.97
0.1,2.8,1.5,17,50,4.19
0.0,0.8,0.5,19,200,1.28
1.0,1.6,1.0,19,100,2.09
0.5,2.7,2.0,21,150,2.53
0.0,2.0,2.0,21,150,2.53
1.0,3.0,1.0,21,100,2.32
0.1,2.8,1.0,19,150,2.55
1.0,2.7,1.5,17,50,1.9
1.0,3.0,0.5,21,100,1.77
0.1,2.5,1.0,21,200,2.14
0.1,2.9,2.5,17,50,5.53
0.0,3.0,1.0,17,150,2.58
0.0,2.9,2.0,19,50,5.28
0.5,2.6,1.0,21,200,2.03
0.0,2.7,2.0,21,150,3.05
0.0,2.8,2.5,19,50,6.3
0.5,1.9,0.5,21,200,1.51
1.0,1.1,0.5,21,150,1.26
1.0,1.4,0.5,19,100,1.33
0.1,2.5,2.0,17,50,4.29
0.5,1.8,1.5,21,100,2.53
0.1,2.9,1.0,19,150,2.61
0.5,2.5,0.5,21,100,1.98
0.1,0.5,0.5,17,50,2.25
0.1,1.8,1.5,19,200,1.72
0.5,2.1,1.5,21,150,1.99
0.1,2.3,1.5,21,200,2.12
0.5,1.6,0.5,21,150,1.58
0.5,2.3,2.0,17,150,1.97
0.0,0.9,0.5,21,150,1.51
0.1,2.8,2.0,21,100,3.75
1.0,2.9,1.0,21,100,2.28
0.5,2.2,1.5,19,150,1.98
0.0,2.7,0.5,19,150,2.5
1.0,3.0,2.5,17,150,2.46
1.0,2.1,2.0,17,150,1.66
1.0,2.2,0.5,17,100,1.55
0.0,2.7,1.5,21,100,3.37
0.1,2.8,0.5,21,200,2.06
0.0,2.4,1.0,17,150,2.3
0.5,2.7,0.5,17,200,1.66
1.0,2.7,1.5,17,150,1.84
0.5,1.3,0.5,17,150,1.41
1.0,3.0,0.5,17,150,1.72
0.5,2.2,1.0,19,50,3.44
1.0,2.5,1.0,21,50,1.73
0.1,2.0,1.0,21,150,2.16
0.0,2.6,1.5,19,50,4.64
0.5,2.1,0.5,19,100,1.8
0.0,2.3,0.5,19,100,2.19
0.1,2.3,0.5,21,100,1.99
0.0,2.8,2.0,19,50,5.24
0.5,0.5,0.5,21,100,1.19
0.1,0.7,0.5,19,200,1.21
0.1,2.6,1.0,17,150,2.06
1.0,1.9,0.5,17,200,1.2
0.1,2.3,1.5,19,150,2.38
0.5,2.3,1.5,21,100,2.73
0.5,1.1,1.0,17,100,1.83
0.1,1.6,1.0,17,150,1.77
0.1,1.2,0.5,19,100,1.44
0.5,1.3,0.5,21,50,2.32
0.0,2.1,2.0,17,50,4.26
0.5,3.0,1.5,17,100,2.93
0.1,2.8,1.5,17,150,2.26
1.0,2.9,2.0,17,150,2.09
0.0,1.7,0.5,19,150,1.88
0.0,2.7,1.5,19,50,4.69
0.5,2.6,2.5,17,200,2.19
0.0,2.7,1.0,21,100,2.96
0.5,2.9,0.5,19,50,2.51
0.0,2.8,2.0,21,100,4.2
0.1,2.0,1.0,17,100,2.34
0.0,2.9,2.5,21,150,3.76
0.0,2.2,0.5,19,50,3.28
0.5,1.5,1.5,21,150,1.81
0.5,2.8,0.5,19,100,2.06
0.1,2.4,1.5,17,50,3.95
0.1,2.6,2.5,17,200,2.28
1.0,1.8,0.5,21,50,1.58
0.0,2.3,1.5,19,100,3.17
1.0,3.0,1.5,19,100,2.7
0.0,2.0,0.5,21,150,2.13
0.5,2.8,2.5,19,50,4.67
0.1,1.9,1.0,17,50,3.37
0.5,2.9,1.5,17,50,3.21
0.0,2.5,1.0,17,150,2.32
0.0,0.6,0.5,17,150,1.36
0.1,2.7,1.5,19,200,2.13
0.5,2.5,1.5,21,150,2.2
0.5,1.7,1.5,19,150,1.87
0.0,3.0,1.5,21,50,4.91
0.1,2.8,1.5,19,150,2.58
0.1,1.4,0.5,17,150,1.48
0.5,2.1,1.5,21,50,3.05
1.0,2.6,0.5,19,200,1.5
0.1,2.9,1.5,17,50,4.2
1.0,1.7,1.0,17,150,1.51
1.0,2.4,0.5,19,200,1.48
0.1,2.2,2.0,19,200,1.97
0.5,1.9,1.0,17,50,2.41
1.0,1.6,1.0,17,200,1.33
0.5,1.8,0.5,19,50,2.34
0.0,1.8,1.0,17,50,3.53
0.0,2.3,1.5,21,100,3.12
0.5,2.7,2.5,19,200,2.42
1.0,2.7,1.5,19,200,1.69
0.1,2.2,1.0,19,150,2.13
1.0,2.7,1.0,17,100,2.08
0.1,1.4,1.0,19,100,2.32
0.5,2.7,1.5,17,150,1.96
0.1,0.8,0.5,19,100,1.37
1.0,2.2,2.0,17,50,2.21
0.5,2.0,1.5,21,50,2.98
1.0,2.5,1.5,19,150,1.99
0.5,2.9,0.5,21,200,1.86
0.5,2.5,1.0,17,100,2.3
0.0,0.6,0.5,17,200,1.2
0.5,2.9,1.5,17,100,2.87
0.5,2.7,1.0,19,100,2.68
0.0,2.4,1.0,19,200,2.31
0.5,1.9,1.0,19,150,1.8
0.1,2.2,0.5,19,50,2.98
0.5,2.2,1.5,17,200,1.77
1.0,1.3,0.5,17,50,1.48
0.5,2.5,2.0,17,100,2.73
0.0,1.1,0.5,21,50,2.63
1.0,2.0,1.0,21,50,1.57
1.0,0.7,0.5,19,50,1.48
0.1,1.3,0.5,19,200,1.41
0.5,3.0,2.5,21,200,2.83
0.1,2.4,2.0,17,200,1.98
1.0,2.2,1.0,21,100,2.15
0.1,2.7,1.5,21,200,2.32
0.0,0.7,0.5,19,200,1.24
1.0,1.4,1.0,21,200,1.33
0.5,1.9,0.5,21,150,1.74
1.0,2.9,1.0,17,100,2.14
0.0,1.3,1.0,17,150,2.02
0.1,3.0,1.0,21,150,2.74
0.1,2.0,0.5,17,50,2.8
0.5,1.1,1.0,21,150,1.47
1.0,1.1,1.0,21,50,1.3
0.5,1.5,1.5,17,100,2.12
1.0,3.0,2.0,21,150,2.37
0.5,2.9,2.5,19,200,2.52
0.1,2.6,1.0,17,100,2.52
0.0,2.5,2.5,19,100,4.27
1.0,1.6,1.0,21,100,2.04
1.0,2.9,0.5,17,50,1.49
0.0,1.1,1.0,21,100,2.26
0.5,2.8,1.5,19,50,3.35
0.0,2.6,0.5,17,50,3.43
1.0,3.0,0.5,19,150,1.85
0.0,2.7,1.5,19,100,3.37
0.1,2.1,2.0,17,150,2.12
0.5,0.9,0.5,19,100,1.29
0.0,2.6,2.5,21,200,2.9
0.1,2.0,0.5,17,200,1.7
0.5,1.7,1.0,19,150,1.72
0.5,2.1,1.5,21,200,1.84
1.0,2.9,1.0,19,200,1.82
0.1,2.6,2.5,19,150,3.12
0.5,2.8,2.0,19,100,3.41
0.0,1.7,1.5,21,100,2.86
1.0,2.5,0.5,19,150,1.61
0.1,1.0,0.5,21,100,1.43
0.0,1.8,1.5,17,100,2.65
1.0,2.3,1.5,21,150,1.8
1.0,2.3,1.0,17,50,1.52
1.0,1.9,1.5,17,200,1.47
1.0,0.9,0.5,19,200,1.12
0.5,2.3,1.5,17,150,1.8
0.1,2.6,1.0,19,150,2.38
0.0,1.5,0.5,19,50,2.88
0.1,2.2,1.0,17,200,1.77
0.0,2.3,2.0,19,100,3.65
0.5,1.4,0.5,17,200,1.33
0.1,2.2,1.0,21,50,3.5
1.0,2.0,1.5,17,150,1.6
1.0,1.7,0.5,21,200,1.3
0.1,2.3,1.5,17,100,2.65
0.1,1.5,0.5,17,150,1.51
0.1,1.9,0.5,19,50,2.83
0.0,2.8,1.5,21,150,2.98
1.0,2.4,2.0,19,200,1.72
1.0,2.2,1.5,17,200,1.54
